url,localizacao,tipo,area_ha,area_m2,descricao,preco,valor_m2,quartos,suites,vagas,creci,total_comodos,categoria_area,categoria_preco
/imovel/rural-4-quartos-venda-lago-norte-brasilia-df-nucleo-rural-bananal-1223847,"NUCLEO RURAL BANANAL, LAGO NORTE, BRASILIA","Venda Rural 1,00 ha",1.0,10000.0,"Chácara de 10.000m² no Lago Norte, ao Lado da Ponte do Bragueto, a 1km do Iguatemi, Boulevard e Noro",3790000.0,379.0,5,5,4,28467,10,Pequeno (≤1 ha),Alto (1.5M-5M)
/imovel/rural-0-quartos-venda-parque-estrela-dalva-vii-luziania-go-avenida-alfredo-nasser-1190003,"Avenida Alfredo Nasser, PARQUE ESTRELA DALVA VII, LUZIANIA","Venda Rural 0,05 ha",0.05,500.0,,1650000.0,3.0,0,0,6,29126,0,Pequeno (≤1 ha),Alto (1.5M-5M)
/imovel/rural-3-quartos-venda-lago-sul-brasilia-df-shis-qi-5-chacara-s-53-a-61-1027470,"SHIS QI 5 Chacará s 53 a 61, LAGO SUL, BRASILIA","Venda Rural 0,07 ha",0.07,700.0000000000001,SHIS QI 5 CASA DOS SONHOS LOCALIZAÇÃO PRIVILEGIADA,7500000.0,10.0,3,3,15,21418,6,Pequeno (≤1 ha),Muito Alto (>5M)
/imovel/rural-0-quartos-venda-area-rural-de-cidade-ocidental-cidade-ocidental-go-area-rural-863157,"AREA RURAL, AREA RURAL DE CIDADE OCIDENTAL, CIDADE OCIDENTAL","Venda Rural 2,00 ha",2.0,20000.0,"Vendo excelentes chácaras à partir de 2 ha, 6km do asfalto, acesso à subestação da Equatorial, próxi",150000.0,7.0,0,0,0,9722,0,Médio (1-10 ha),Baixo (≤500k)
/imovel/rural-4-quartos-venda-riacho-fundo-riacho-fundo-df-agricola-canegae-1231666,"Agrícola Canegae, RIACHO FUNDO, RIACHO FUNDO","Venda Rural 11,00 ha",11.0,110000.0,Riacho Fundo 1 Canegae 11 Ha com Água e Asfalto na Porta.,3400000.0,30.0,4,2,4,17954,6,Grande (10-100 ha),Alto (1.5M-5M)
/imovel/rural-0-quartos-venda-nucleo-rural-lago-oeste-sobradinho-df-rua-18-1141341,"Rua 18, NUCLEO RURAL LAGO OESTE, SOBRADINHO","Venda Rural 0,02 ha",0.02,200.0,(61) 3595-1212 CHACARA / 6 HECTARES /  LAGO OESTE / 61  3595-1212,1500000.0,7.0,0,0,0,23202,0,Pequeno (≤1 ha),Médio (500k-1.5M)
/imovel/rural-0-quartos-venda-paranoa-paranoa-df-rodovia-df-130-km-31-1220883,"Rodovia DF 130 KM 31, PARANOA, PARANOA","Venda Rural 2,00 ha",2.0,20000.0,Ilha em lugar de muita paz.,2000000.0,100.0,0,0,2,24770,0,Médio (1-10 ha),Alto (1.5M-5M)
/imovel/rural-3-quartos-venda-taguatinga-norte-taguatinga-df-area-de-chacara-s-1218030,"Área de Chacará S, TAGUATINGA NORTE, TAGUATINGA","Venda Rural 1,60 ha",1.6,16000.0,"SITIO/CHÁCARA COM CASA 3 QUARTOS / BR070 FRENTE QNG TAG. NORTE , 22.000M²",1100000.0,68.0,3,1,2,19701,4,Médio (1-10 ha),Médio (500k-1.5M)
/imovel/rural-0-quartos-venda-jardim-botanico-brasilia-df-df140-km-11-852892,"DF140 KM 11, JARDIM BOTANICO, BRASILIA","Venda Rural 2,50 ha",2.5,25000.0,CHÁCARA COM RIO NOS FUNDOS,1470000.0,58.0,0,0,3,24770,0,Médio (1-10 ha),Médio (500k-1.5M)
/imovel/rural-0-quartos-venda-setor-oeste-gama-df-ponte-alta-de-cima-979696,"Ponte Alta de Cima, SETOR OESTE, GAMA","Venda Rural 6,50 ha",6.5,65000.0,Sítio Angico e Jacarepaguá Chácara com Lazer completo escriturada.,1495000.0,23.0,0,0,0,22899,0,Médio (1-10 ha),Médio (500k-1.5M)
/imovel/rural-0-quartos-venda-planaltina-planaltina-df-rodovia-df-130-1229800,"RODOVIA DF 130, PLANALTINA, PLANALTINA","Venda Rural 18,00 ha",18.0,180000.0,,2000000.0,11.0,0,0,0,13747,0,Grande (10-100 ha),Alto (1.5M-5M)
/imovel/rural-0-quartos-venda-paranoa-paranoa-df-capao-da-onca-862406,"Capão da Onça, PARANOA, PARANOA","Venda Rural 37,51 ha",37.51,375100.0,,1500000.0,4.0,0,0,100,23144,0,Grande (10-100 ha),Médio (500k-1.5M)
/imovel/rural-0-quartos-venda-paranoa-paranoa-df-rodovia-df-130-km-31-1089091,"Rodovia DF 130 KM 31, PARANOA, PARANOA","Venda Rural 0,80 ha",0.8,8000.0,córrego e muitas nascentes dentro do terreno,175000.0,21.0,0,0,1,24770,0,Pequeno (≤1 ha),Baixo (≤500k)
/imovel/rural-0-quartos-venda-zona-rural-santo-antonio-do-descoberto-go-area-rural-1222892,"Area Rural, ZONA RURAL, SANTO ANTONIO DO DESCOBERTO","Venda Rural 9,00 ha",9.0,90000.0,9 HECTARES DE LIBERDADE EM SANTO ANTÔNIO DO DESCOBERTO!,325000.0,3.0,0,0,20,17610,0,Médio (1-10 ha),Baixo (≤500k)
/imovel/rural-0-quartos-venda-zona-rural-brazlandia-df-zona-rural-1153481,"Zona Rural, ZONA RURAL, BRAZLANDIA","Venda Rural 0,07 ha",0.07,700.0000000000001,"Sítio de Alto Padrão Próximo a Brasília | 700m² Construídos Sítio Oásis BR-080, KM 10 - Brazlândia, Brasília - DF",6000000.0,8.0,0,0,20,27917,0,Pequeno (≤1 ha),Muito Alto (>5M)
/imovel/rural-4-quartos-venda-nova-colina-sobradinho-df-rodovia-df-330-1133211,"Rodovia DF 330, NOVA COLINA, SOBRADINHO","Venda Rural 5,60 ha",5.6,56000.0,"Chácara a venda formada - DF250 km 9,...",1650000.0,29.0,4,2,10,25364,6,Médio (1-10 ha),Alto (1.5M-5M)
/imovel/rural-0-quartos-venda-paranoa-paranoa-df-rodovia-df-130-km-31-1220875,"Rodovia DF 130 KM 31, PARANOA, PARANOA","Venda Rural 19,50 ha",19.5,195000.0,,550000.0,2.0,0,0,0,24770,0,Grande (10-100 ha),Médio (500k-1.5M)
/imovel/rural-0-quartos-venda-zona-rural-santa-maria-df-area-rural-972921,"Area Rural, ZONA RURAL, SANTA MARIA","Venda Rural 2,50 ha",2.5,25000.0,,950000.0,38.0,0,0,0,5580,0,Médio (1-10 ha),Médio (500k-1.5M)
/imovel/rural-4-quartos-venda-quinta-dos-ipes-sao-sebastiao-df-condominio-quinta-dos-ipes-1173724,"Condomínio Quinta dos Ipes, QUINTA DOS IPES, SAO SEBASTIAO","Venda Rural 0,04 ha",0.04,400.0,VENDA DE CHACARA,550000.0,1.0,4,2,20,25363,6,Pequeno (≤1 ha),Médio (500k-1.5M)
/imovel/rural-0-quartos-venda-estancias-vila-rica-sobradinho-df-rodovia-br-020-km-128-1198092,"Rodovia BR 020 KM 12,8, ESTANCIAS VILA RICA, SOBRADINHO","Venda Rural 0,04 ha",0.04,400.0,Estancias Vila Rica ESCRITURADA E REGISTRADA,1100000.0,2.0,0,0,2,24787,0,Pequeno (≤1 ha),Médio (500k-1.5M)
/imovel/rural-0-quartos-venda-altiplano-leste-brasilia-df-rodovia-df-001-altiplano-leste-1219450,"Rodovia DF 001 Altiplano Leste, ALTIPLANO LESTE, BRASILIA","Venda Rural 6,00 ha",6.0,60000.0,"2.500.000 / 60.000m2 = 41,66m2 ONDE SE ACHA ISSO EM BRASÍLIA ESCRITURADAS E REGISTRADAS, MATRICULAS INDIVIDUAIS",2500000.0,41.0,0,0,0,7038,0,Médio (1-10 ha),Alto (1.5M-5M)
/imovel/rural-3-quartos-venda-zona-rural-sobradinho-df-rodovia-df-250-km-12-fazenda-velha-1116987,"Rodovia DF 250 Km 12 Fazenda Velha, ZONA RURAL, SOBRADINHO","Venda Rural 6,24 ha",6.24,62400.0,Chácara à Venda em Paranoá - DF250 - ...,1550000.0,24.0,3,1,10,25364,4,Médio (1-10 ha),Alto (1.5M-5M)
/imovel/rural-3-quartos-venda-zona-rural-ceilandia-df-rodovia-br-070-km-17-st-de-chacaras-agusmao-1096706,"Rodovia BR 070, km 17 St de Chácaras A.Gusmão, ZONA RURAL, CEILANDIA","Venda Rural 0,03 ha",0.03,300.0,Casa com terreno de 4158 metros no Incra 9 por R$ 495.000,495000.0,1.0,3,0,5,30122,3,Pequeno (≤1 ha),Baixo (≤500k)
/imovel/rural-4-quartos-venda-brazlandia-brazlandia-df-nucleo-rural-incra-7-1195264,"Núcleo Rural Incra 7, BRAZLANDIA, BRAZLANDIA","Venda Rural 5,00 ha",5.0,50000.0,"Chácara com 5 Hectares à Venda - Casa Ampla, Produção Agrícola e Localização Privilegiada!",2500000.0,50.0,4,1,20,24313,5,Médio (1-10 ha),Alto (1.5M-5M)
/imovel/rural-0-quartos-venda-paranoa-paranoa-df-rodovia-df-130-km-31-1089081,"Rodovia DF 130 KM 31, PARANOA, PARANOA","Venda Rural 0,70 ha",0.7,7000.0,CHÁCARA COM RIO NOS FUNDOS PRÓXIMA AO ASFALTO,145000.0,20.0,0,0,0,24770,0,Pequeno (≤1 ha),Baixo (≤500k)
/imovel/rural-0-quartos-venda-jardim-botanico-brasilia-df-rodovia-df-135-km-9-939430,"Rodovia DF 135 KM 9, JARDIM BOTANICO, BRASILIA","Venda Rural 2,00 ha",2.0,20000.0,,275000.0,13.0,0,0,0,24770,0,Médio (1-10 ha),Baixo (≤500k)
/imovel/rural-0-quartos-venda-residencial-morro-da-cruz-sao-sebastiao-df-residencial-morro-da-cruz-1236831,"Residencial MORRO DA CRUZ, RESIDENCIAL MORRO DA CRUZ, SAO SEBASTIAO","Venda Rural 1,00 ha",1.0,10000.0,Clube Exclusivo à Venda: Oportunidade Única no DF,1999000.0,199.0,0,0,0,32411,0,Pequeno (≤1 ha),Alto (1.5M-5M)
/imovel/rural-0-quartos-venda-paranoa-paranoa-df-rodovia-df-130-km-31-1148698,"Rodovia DF 130 KM 31, PARANOA, PARANOA","Venda Rural 2,47 ha",2.47,24700.000000000004,Área bastante desenvolvida e consolidada,9000000.0,364.0,0,0,20,20576,0,Médio (1-10 ha),Muito Alto (>5M)
/imovel/rural-0-quartos-venda-colonia-agricola-alexandre-gusmao-brazlandia-df-quadra-1-1234185,"Quadra 1, COLONIA AGRICOLA ALEXANDRE GUSMAO, BRAZLANDIA","Venda Rural 2,00 ha",2.0,20000.0,(61) 98185-8448 FAZENDA COM CHIQUEIROS EM BRAZLÂNDIA!,690000.0,34.0,0,0,15,17610,0,Médio (1-10 ha),Médio (500k-1.5M)
/imovel/rural-0-quartos-venda-ponte-alta-gama-df-ponte-alta-norte-1209014,"Ponte Alta Norte, PONTE ALTA, GAMA","Venda Rural 2,00 ha",2.0,20000.0,,999900.0,50.0,0,0,0,32319,0,Médio (1-10 ha),Médio (500k-1.5M)
/imovel/rural-0-quartos-venda-setor-habitacional-fercal-sobradinho-df-rodovia-df-205-1002773,"Rodovia DF 205, SETOR HABITACIONAL FERCAL, SOBRADINHO","Venda Rural 14,00 ha",14.0,140000.0,* A&M IMÓVEIS VENDE UMA ÓTIMA CHÁCARA COM 14 HECTARES NA FERCAL,490000.0,3.0,0,0,5,28320,0,Grande (10-100 ha),Baixo (≤500k)
/imovel/rural-1-quarto-venda-jardim-botanico-brasilia-df-rodovia-df-140-1211024,"RODOVIA DF 140, JARDIM BOTANICO, BRASILIA","Venda Rural 2,23 ha",2.23,22300.0,ao lado do Reserva Santa Monica,2800000.0,125.0,1,0,0,19421,1,Médio (1-10 ha),Alto (1.5M-5M)
/imovel/rural-0-quartos-venda-nucleo-rural-lago-oeste-sobradinho-df-rua-19-982415,"Rua 19, NUCLEO RURAL LAGO OESTE, SOBRADINHO","Venda Rural 0,02 ha",0.02,200.0,,450000.0,1.0,0,0,0,31365,0,Pequeno (≤1 ha),Baixo (≤500k)
/imovel/rural-0-quartos-venda-brazlandia-brazlandia-df-nucleo-rural-incra-7-1217081,"Núcleo Rural Incra 7, BRAZLANDIA, BRAZLANDIA","Venda Rural 2,40 ha",2.4,24000.0,,1090000.0,45.0,0,0,20,28518,0,Médio (1-10 ha),Médio (500k-1.5M)
/imovel/rural-1-quarto-venda-jardim-botanico-brasilia-df-df140-km-11-986881,"DF140 KM 11, JARDIM BOTANICO, BRASILIA","Venda Rural 3,16 ha",3.16,31600.0,MARAVILHOSA CHACARA PROXIMO ALPHAVILLE NA DF-140!,490000.0,15.0,1,0,0,24203,1,Médio (1-10 ha),Baixo (≤500k)
/imovel/rural-0-quartos-venda-centro-sao-sebastiao-df-rua-48-a-1018465,"Rua 48 A, CENTRO, SAO SEBASTIAO","Venda Rural 0,00 ha",0.0,0.0,,450000.0,20.0,0,0,3,31462,0,Pequeno (≤1 ha),Baixo (≤500k)
/imovel/rural-0-quartos-venda-paranoa-paranoa-df-rodovia-df-130-km-31-1089084,"Rodovia DF 130 KM 31, PARANOA, PARANOA","Venda Rural 0,70 ha",0.7,7000.0,CHÁCARA COM RIO NOS FUNDOS PRÓXIMA AO ASFALTO,190000.0,27.0,0,0,1,24770,0,Pequeno (≤1 ha),Baixo (≤500k)
/imovel/rural-0-quartos-venda-zona-rural-brazlandia-df-rural-1204778,"RURAL, ZONA RURAL, BRAZLANDIA","Venda Rural 10,00 ha",10.0,100000.0,,1500000.0,15.0,0,0,10,31682,0,Médio (1-10 ha),Médio (500k-1.5M)
/imovel/rural-4-quartos-venda-nucleo-rural-lago-oeste-sobradinho-df-rua-17-1213737,"Rua 17, NUCLEO RURAL LAGO OESTE, SOBRADINHO","Venda Rural 2,00 ha",2.0,20000.0,"VENDE-SE  CHÁCARA NO NÚCLEO RURAL LAGO OESTE PARA MORADIA, LAZER E EVENTOS  !",1400000.0,70.0,9,3,0,32411,12,Médio (1-10 ha),Médio (500k-1.5M)
/imovel/rural-0-quartos-venda-zona-rural-planaltina-df-df-128-cruzamento-com-df-205-posto-da-cprv-1125698,"DF 128 Cruzamento com DF 205 Posto da CPRV, ZONA RURAL, PLANALTINA","Venda Rural 2,00 ha",2.0,20000.0,"(61) 3595-1212 OPORTUNIDADE ÚNICA: CHCARA DE 20.000m² NO CERRADO, ESCRITURADA",200000.0,10.0,0,0,0,23202,0,Médio (1-10 ha),Baixo (≤500k)
/imovel/rural-3-quartos-venda-nucleo-rural-lago-oeste-sobradinho-df-rua-12-1172998,"Rua 12, NUCLEO RURAL LAGO OESTE, SOBRADINHO","Venda Rural 2,00 ha",2.0,20000.0,"Chácara à venda de 20.000m², próxima à pista, toda cercada e com topografia plana.",960000.0,48.0,3,1,3,3545,4,Médio (1-10 ha),Médio (500k-1.5M)
/imovel/rural-2-quartos-venda-setor-oeste-gama-df-ponte-alta-de-cima-1161990,"Ponte Alta de Cima, SETOR OESTE, GAMA","Venda Rural 0,03 ha",0.03,300.0,"Chácara com 2 dormitórios à venda, 30000 m² por R$ 950.000,00 - Ponte Alta - Gama/DF",760000.0,2.0,2,0,10,CJ1704,2,Pequeno (≤1 ha),Médio (500k-1.5M)
/imovel/rural-3-quartos-venda-lago-norte-brasilia-df-area-rural-953582,"Area Rural, LAGO NORTE, BRASILIA","Venda Rural 0,04 ha",0.04,400.0,Imobiliária Área Rural do Lago Norte -Chácara Área Rural do Lago Norte à venda,2250000.0,5.0,3,3,3,21418,6,Pequeno (≤1 ha),Alto (1.5M-5M)
/imovel/rural-0-quartos-venda-jardim-botanico-brasilia-df-rodovia-df-135-km-9-939431,"Rodovia DF 135 KM 9, JARDIM BOTANICO, BRASILIA","Venda Rural 2,00 ha",2.0,20000.0,CHACARA COM VISTA SENSACIONAL,290000.0,14.0,0,0,0,24770,0,Médio (1-10 ha),Baixo (≤500k)
/imovel/rural-4-quartos-venda-setor-residencial-mestre-darmas-planaltina-df-rodovia-df-128-955422,"Rodovia DF 128, SETOR RESIDENCIAL MESTRE DARMAS, PLANALTINA","Venda Rural 2,90 ha",2.9,29000.0,", SELECIONE Sitio 51 com 29 Hectares - DF 128",4350000.0,150.0,4,2,0,21418,6,Médio (1-10 ha),Alto (1.5M-5M)
/imovel/rural-4-quartos-venda-zona-rural-sobradinho-df-rodovia-df-250-km-12-fazenda-velha-1084468,"Rodovia DF 250 Km 12 Fazenda Velha, ZONA RURAL, SOBRADINHO","Venda Rural 0,31 ha",0.31,3100.0,,240000.0,77.0,4,0,0,31097,4,Pequeno (≤1 ha),Baixo (≤500k)
/imovel/rural-0-quartos-venda-jardim-botanico-brasilia-df-rodovia-df-135-km-9-1088955,"Rodovia DF 135 KM 9, JARDIM BOTANICO, BRASILIA","Venda Rural 2,00 ha",2.0,20000.0,Condominio fechado e novo,285000.0,14.0,0,0,0,24770,0,Médio (1-10 ha),Baixo (≤500k)
/imovel/rural-4-quartos-venda-lago-norte-brasilia-df-smln-mi-trecho-05-1155970,"SMLN MI Trecho 05, LAGO NORTE, BRASILIA","Venda Rural 2,40 ha",2.4,24000.0,"SMLN MI TRECHO 5 - Chácara à venda, 24.000,00m², Lago Norte, DF",10380000.0,432.0,4,0,0,3545,4,Médio (1-10 ha),Muito Alto (>5M)
/imovel/rural-0-quartos-venda-paranoa-paranoa-df-rodovia-df-130-km-31-294219,"Rodovia DF 130 KM 31, PARANOA, PARANOA","Venda Rural 0,02 ha",0.02,200.0,Chácara - Paranoá DF TERRENO ESCRITURADO E REGISTRADO NO 2° OFÍCIO,310000.0,1.0,0,0,0,25474,0,Pequeno (≤1 ha),Baixo (≤500k)
/imovel/rural-4-quartos-venda-zona-rural-planaltina-df-rodovia-br-020-km-13-1017774,"Rodovia BR 020 KM 13, ZONA RURAL, PLANALTINA","Venda Rural 42,00 ha",42.0,420000.0,CHÁCARA NO CÓRREGO DO ARROZAL,2200000.0,5.0,4,4,5,0025854,8,Grande (10-100 ha),Alto (1.5M-5M)
/imovel/rural-4-quartos-venda-ponte-alta-gama-df-avenida-sao-francisco-888662,"Avenida São Francisco, PONTE ALTA, GAMA","Venda Rural 1,20 ha",1.2,12000.0,CHÁCARA NA PONTE ALTA - GAMA,7200000.0,600.0,4,0,0,26903,4,Médio (1-10 ha),Muito Alto (>5M)
/imovel/rural-2-quartos-venda-regiao-dos-lagos-sobradinho-df-rodovia-df-0250-km-15-946158,"RODOVIA DF 0250 KM 1,5, REGIAO DOS LAGOS, SOBRADINHO","Venda Rural 32,00 ha",32.0,320000.0,,1400000.0,4.0,2,2,0,5580,4,Grande (10-100 ha),Médio (500k-1.5M)
/imovel/rural-0-quartos-venda-lago-norte-brasilia-df-smln-mi-trecho-05-898711,"SMLN MI Trecho 05, LAGO NORTE, BRASILIA","Venda Rural 2,31 ha",2.31,23100.0,,9220000.0,399.0,0,0,6,14574,0,Médio (1-10 ha),Muito Alto (>5M)
/imovel/rural-3-quartos-venda-jardim-botanico-brasilia-df-rodovia-df-251-405372,"Rodovia DF 251, JARDIM BOTANICO, BRASILIA","Venda Rural 2,00 ha",2.0,20000.0,MARAVILHOSA CHÁCARA ÀS MARGENS DO RIO SÃO BARTOLOMEU!,500000.0,25.0,3,1,0,24203,4,Médio (1-10 ha),Baixo (≤500k)
/imovel/rural-4-quartos-venda-planaltina-planaltina-df-rodovia-df-345-1148498,"Rodovia DF 345, PLANALTINA, PLANALTINA","Venda Rural 5,00 ha",5.0,50000.0,REFUGIO RURAL MUITO PROXIMO DE BRASILIA,900000.0,18.0,5,3,20,20576,8,Médio (1-10 ha),Médio (500k-1.5M)
/imovel/rural-4-quartos-venda-lago-sul-brasilia-df-shis-qi-28-1001568,"SHIS QI 28, LAGO SUL, BRASILIA","Venda Rural 1,08 ha",1.08,10800.0,SHIS QI 28 CHACARA  COM 10.800M² DE TERRENO - 5 SUÍTES,10500000.0,972.0,5,5,6,25942,10,Médio (1-10 ha),Muito Alto (>5M)
/imovel/rural-0-quartos-venda-zona-rural-aguas-lindas-de-goias-go-quadra-a-1129280,"Quadra A, ZONA RURAL, AGUAS LINDAS DE GOIAS","Venda Rural 0,03 ha",0.03,300.0,DUAS CHÁCARAS CONTIGUAS DE 5.000M² CADA - PADRE LÚCIO GO LOCALIZAÇÃO PRIVILEGIADA,990000.0,3.0,0,0,10,25227,0,Pequeno (≤1 ha),Médio (500k-1.5M)
/imovel/rural-0-quartos-venda-ceilandia-norte-ceilandia-df-rodovia-br-070-1061655,"Rodovia BR 070, CEILANDIA NORTE, CEILANDIA","Venda Rural 25,17 ha",25.17,251700.00000000003,Incra 9 Parceria sólida com a JBS,5500000.0,21.0,0,0,0,27277,0,Grande (10-100 ha),Muito Alto (>5M)
/imovel/rural-3-quartos-venda-lago-norte-brasilia-df-corrego-do-urubu-1069894,"Córrego do Urubu, LAGO NORTE, BRASILIA","Venda Rural 0,31 ha",0.31,3100.0,"Chácara à venda no Lago Norte/DF, no Córrego do Urubu com 3.140 m² de terreno",1550000.0,493.0,3,2,0,24663,5,Pequeno (≤1 ha),Alto (1.5M-5M)
/imovel/rural-0-quartos-venda-nucleo-rural-lago-oeste-sobradinho-df-rua-18-217374,"Rua 18, NUCLEO RURAL LAGO OESTE, SOBRADINHO","Venda Rural 2,00 ha",2.0,20000.0,Chácara a venda / 02 Casas / Piscina / Churrasqueira,2800000.0,140.0,0,0,4,23202,0,Médio (1-10 ha),Alto (1.5M-5M)
/imovel/rural-0-quartos-venda-brazlandia-brazlandia-df-rodovia-df-001-1122254,"RODOVIA DF 001, BRAZLANDIA, BRAZLANDIA","Venda Rural 0,05 ha",0.05,500.0,"Porteira fechada. A 700 m²  da Rodovia. Rica em Recursos hídricos, possibilidade de parcelamento.",4800000.0,9.0,0,0,8,15343,0,Pequeno (≤1 ha),Alto (1.5M-5M)
/imovel/rural-0-quartos-venda-sudoeste-brasilia-df-rodovia-df-180-1111282,"Rodovia DF 180, SUDOESTE, BRASILIA","Venda Rural 22,50 ha",22.5,225000.0,Chácara Escriturada - Zona Rural - Próxima a cidade 22 hectares - Aceita financiamento,2800000.0,12.0,0,0,0,30954,0,Grande (10-100 ha),Alto (1.5M-5M)
/imovel/rural-0-quartos-venda-zona-rural-brasilia-df-rodovia-df-001-quadra-10-boqueirao-1220504,"Rodovia DF 001, Quadra 10 (Boqueirão), ZONA RURAL, BRASILIA","Venda Rural 1,30 ha",1.3,13000.0,córrego e muitas nascentes dentro do terreno,260000.0,20.0,0,0,0,24770,0,Médio (1-10 ha),Baixo (≤500k)
/imovel/rural-0-quartos-venda-zona-rural-ceilandia-df-rodovia-br-070-km-17-st-de-chacaras-agusmao-1187585,"Rodovia BR 070, km 17 St de Chácaras A.Gusmão, ZONA RURAL, CEILANDIA","Venda Rural 21,60 ha",21.6,216000.0,,6500000.0,30.0,0,0,0,23201,0,Grande (10-100 ha),Muito Alto (>5M)
/imovel/rural-0-quartos-venda-zona-rural-ceilandia-df-gleba-03-nucleo-rural-alexandre-gusmao-1200121,"Gleba 03 Nucleo Rural Alexandre Gusmao, ZONA RURAL, CEILANDIA","Venda Rural 2,70 ha",2.7,27000.0,**CHÁCARA TODA FORMADA COM 27.000m² ** CHÁCARA A 1KM DO ASFALTO - ESTUDA PERMUTA POR IMÓVEL NA VICENTE PIRES E ARNIQUEIRA,1150000.0,42.0,0,0,10,25227,0,Médio (1-10 ha),Médio (500k-1.5M)
/imovel/rural-0-quartos-venda-zona-rural-santo-antonio-do-descoberto-go-area-rural-938510,"Area Rural, ZONA RURAL, SANTO ANTONIO DO DESCOBERTO","Venda Rural 29,00 ha",29.0,290000.0,FAZENDA SÃO COSME E DAMIÃO,3300000.0,11.0,0,0,0,23698,0,Grande (10-100 ha),Alto (1.5M-5M)
/imovel/rural-3-quartos-venda-nucleo-rural-lago-oeste-sobradinho-df-rua-5-985159,"Rua 5, NUCLEO RURAL LAGO OESTE, SOBRADINHO","Venda Rural 2,00 ha",2.0,20000.0,"RUA 04 - 20.000 M2 COM IRRIGAÇÃO E 3 CASAS, PISCINA, OUTORGA",1800000.0,90.0,3,1,0,5776,4,Médio (1-10 ha),Alto (1.5M-5M)
/imovel/rural-4-quartos-venda-altiplano-leste-brasilia-df-rodovia-df-001-altiplano-leste-1112506,"Rodovia DF 001 Altiplano Leste, ALTIPLANO LESTE, BRASILIA","Venda Rural 0,04 ha",0.04,400.0,Chácara registrada escriturada no altiplano leste morro alto,2599900.0,7.0,6,2,10,25363,8,Pequeno (≤1 ha),Alto (1.5M-5M)
/imovel/rural-3-quartos-venda-ceilandia-sul-ceilandia-df-df-180-km-4-portaria-do-condominio-1234183,"DF 180 KM 4 (Portaria do Condomínio), CEILANDIA SUL, CEILANDIA","Venda Rural 0,04 ha",0.04,400.0,,1700000.0,4.0,3,1,20,9712,4,Pequeno (≤1 ha),Alto (1.5M-5M)
/imovel/rural-3-quartos-venda-recanto-das-emas-recanto-das-emas-df-rodovia-df-280-1142729,"RODOVIA DF 280, RECANTO DAS EMAS, RECANTO DAS EMAS","Venda Rural 2,90 ha",2.9,29000.0,Sítio 40 Km de Brasília - 30.000m - Lazer completo,1999000.0,68.0,3,2,23,30954,5,Médio (1-10 ha),Alto (1.5M-5M)
/imovel/rural-4-quartos-venda-estancias-vila-rica-sobradinho-df-rodovia-br-020-km-128-1198590,"Rodovia BR 020 KM 12,8, ESTANCIAS VILA RICA, SOBRADINHO","Venda Rural 0,04 ha",0.04,400.0,Estancias Vila Rica ACEITA PERMUTA,1250000.0,3.0,4,4,2,24787,8,Pequeno (≤1 ha),Médio (500k-1.5M)
/imovel/rural-4-quartos-venda-nucleo-rural-lago-oeste-sobradinho-df-rua-13-835402,"Rua 13, NUCLEO RURAL LAGO OESTE, SOBRADINHO","Venda Rural 2,00 ha",2.0,20000.0,"Chácara com 4 dormitórios à venda, 20000 m² por R$ 1.600.000,00 - Núcleo Rural Lago Oeste - Sobradin",1600000.0,80.0,4,4,4,26957,8,Médio (1-10 ha),Alto (1.5M-5M)
/imovel/rural-0-quartos-venda-jardim-botanico-brasilia-df-sitio-forquilha-rua-5-1135892,"Sítio Forquilha Rua 5, JARDIM BOTANICO, BRASILIA","Venda Rural 5,00 ha",5.0,50000.0,"TERRENO ESCRITURADA, 5 HECTARES EM ÁREA DE EXPANSÃO URBANA",4990999.0,99.0,0,0,0,25363,0,Médio (1-10 ha),Alto (1.5M-5M)
/imovel/rural-0-quartos-venda-nucleo-rural-lago-oeste-sobradinho-df-rua-21-935712,"Rua 21, NUCLEO RURAL LAGO OESTE, SOBRADINHO","Venda Rural 9,00 ha",9.0,90000.0,2 KM DA DF 170   RUA 21 AO LADO DO PARQUE NACIONAL DE BRASILIA,650000.0,7.0,0,0,33,31591,0,Médio (1-10 ha),Médio (500k-1.5M)
/imovel/rural-4-quartos-venda-paranoa-paranoa-df-capao-da-onca-1071553,"Capão da Onça, PARANOA, PARANOA","Venda Rural 27,00 ha",27.0,270000.0,Chácara a venda 35 hectares - Formada...,549900.0,2.0,4,0,10,25364,4,Grande (10-100 ha),Médio (500k-1.5M)
/imovel/rural-0-quartos-venda-paranoa-paranoa-df-rodovia-df-130-km-31-1213579,"Rodovia DF 130 KM 31, PARANOA, PARANOA","Venda Rural 2,00 ha",2.0,20000.0,DF 270,480000.0,24.0,0,0,0,5580,0,Médio (1-10 ha),Baixo (≤500k)
/imovel/rural-4-quartos-venda-altiplano-leste-brasilia-df-rodovia-df-001-altiplano-leste-1147484,"Rodovia DF 001 Altiplano Leste, ALTIPLANO LESTE, BRASILIA","Venda Rural 0,06 ha",0.06,600.0,"Excelente chácara, 3 hectares, com rio no Altiplano Leste com escritura e registro",3300000.0,6.0,4,2,0,27352,6,Pequeno (≤1 ha),Alto (1.5M-5M)
/imovel/rural-4-quartos-venda-lago-sul-brasilia-df-shis-qi-23-chacara-s-1-a-5-1199374,"SHIS QI 23 Chacará s 1 a 5, LAGO SUL, BRASILIA","Venda Rural 0,60 ha",0.6,6000.0,CHÁCARA - 2 CASAS + ANEXOS - Qi23 LAGO SUL,10000000.0,1.0,9,7,20,19812,16,Pequeno (≤1 ha),Muito Alto (>5M)
/imovel/rural-0-quartos-venda-nucleo-rural-lago-oeste-sobradinho-df-rua-5-1093198,"Rua 5, NUCLEO RURAL LAGO OESTE, SOBRADINHO","Venda Rural 0,04 ha",0.04,400.0,ESQUINA COM 3 ACESSOS,980000.0,2.0,0,0,4,5869,0,Pequeno (≤1 ha),Médio (500k-1.5M)
/imovel/rural-4-quartos-venda-setor-oeste-gama-df-quadra-6-1190614,"Quadra 6, SETOR OESTE, GAMA","Venda Rural 3,00 ha",3.0,30000.0,,1300000.0,43.0,6,2,0,28286,8,Médio (1-10 ha),Médio (500k-1.5M)
/imovel/rural-0-quartos-venda-altiplano-leste-brasilia-df-rodovia-df-001-altiplano-leste-581238,"Rodovia DF 001 Altiplano Leste, ALTIPLANO LESTE, BRASILIA","Venda Rural 2,00 ha",2.0,20000.0,ALTIPLANO LESTE - MARAVILHOSA,1100000.0,55.0,0,0,0,1658,0,Médio (1-10 ha),Médio (500k-1.5M)
/imovel/rural-0-quartos-venda-nucleo-rural-lago-oeste-sobradinho-df-rua-16-1150596,"Rua 16, NUCLEO RURAL LAGO OESTE, SOBRADINHO","Venda Rural 2,20 ha",2.2,22000.0,,1500000.0,68.0,0,0,6,30017,0,Médio (1-10 ha),Médio (500k-1.5M)
/imovel/rural-1-quarto-venda-jardim-botanico-brasilia-df-condominio-belvedere-green-462345,"Condomínio Belvedere Green, JARDIM BOTANICO, BRASILIA","Venda Rural 2,00 ha",2.0,20000.0,"Chácara à venda, 20.000m² por R$ 1.350.000 - Condomínio Belvedere Green - Jardim Botânico - Brasília",1350000.0,67.0,1,0,0,25158,1,Médio (1-10 ha),Médio (500k-1.5M)
/imovel/rural-0-quartos-venda-nucleo-rural-lago-oeste-sobradinho-df-rua-2-955748,"Rua 2, NUCLEO RURAL LAGO OESTE, SOBRADINHO","Venda Rural 0,00 ha",0.0,0.0,CHÁCARA RUA 02,1100000.0,550.0,0,0,2,27141,0,Pequeno (≤1 ha),Médio (500k-1.5M)
/imovel/rural-3-quartos-venda-granja-do-torto-brasilia-df-granja-do-torto-1155672,"GRANJA DO TORTO, GRANJA DO TORTO, BRASILIA","Venda Rural 0,02 ha",0.02,200.0,"Granja do Torto, Chácara com localização privilegiada, Brasília, DF",580000.0,3.0,3,0,2,3545,3,Pequeno (≤1 ha),Médio (500k-1.5M)
/imovel/rural-0-quartos-venda-nucleo-rural-lago-oeste-sobradinho-df-rua-11-1196932,"Rua 11, NUCLEO RURAL LAGO OESTE, SOBRADINHO","Venda Rural 2,00 ha",2.0,20000.0,,1250000.0,62.0,0,0,0,24850,0,Médio (1-10 ha),Médio (500k-1.5M)
/imovel/rural-0-quartos-venda-zona-rural-luziania-go-area-rural-563618,"Area Rural, ZONA RURAL, LUZIANIA","Venda Rural 36,60 ha",36.6,366000.0,,3500000.0,9.0,0,0,0,17420,0,Grande (10-100 ha),Alto (1.5M-5M)
/imovel/rural-0-quartos-venda-paranoa-paranoa-df-rodovia-df-130-km-31-1187714,"Rodovia DF 130 KM 31, PARANOA, PARANOA","Venda Rural 23,00 ha",23.0,230000.0,"Terreno plano ,800 metros margeando a Df 130",3700000.0,16.0,0,0,0,24770,0,Grande (10-100 ha),Alto (1.5M-5M)
/imovel/rural-0-quartos-venda-jardim-botanico-brasilia-df-rodovia-df-135-km-9-635299,"Rodovia DF 135 KM 9, JARDIM BOTANICO, BRASILIA","Venda Rural 2,00 ha",2.0,20000.0,"CHACARA  COM VISTA EXTRAORDINARIA,com mata no fundo ..",280000.0,14.0,0,0,0,24770,0,Médio (1-10 ha),Baixo (≤500k)
/imovel/rural-0-quartos-venda-nucleo-rural-lago-oeste-sobradinho-df-rua-10-1201798,"Rua 10, NUCLEO RURAL LAGO OESTE, SOBRADINHO","Venda Rural 2,00 ha",2.0,20000.0,,1200000.0,60.0,0,0,8,27315,0,Médio (1-10 ha),Médio (500k-1.5M)
/imovel/rural-0-quartos-venda-jardim-botanico-brasilia-df-altiplano-leste-884932,"Altiplano Leste, JARDIM BOTANICO, BRASILIA","Venda Rural 2,00 ha",2.0,20000.0,Chácara Altiplano Leste 20.000m²,400000.0,20.0,0,0,0,9722,0,Médio (1-10 ha),Baixo (≤500k)
/imovel/rural-3-quartos-venda-setor-tradicional-brazlandia-df-quadra-6-1132950,"Quadra 6, SETOR TRADICIONAL, BRAZLANDIA","Venda Rural 0,04 ha",0.04,400.0,,779000.0,1.0,3,1,0,28286,4,Pequeno (≤1 ha),Médio (500k-1.5M)
/imovel/rural-3-quartos-venda-arniqueira-aguas-claras-df-sha-conjunto-6-chacara-25a-1155673,"SHA Conjunto 6 Chacará 25A, ARNIQUEIRA, AGUAS CLARAS","Venda Rural 2,90 ha",2.9,29000.0,"SHA Conjunto 5, área comercial e residencial à venda, excelente oportunidade.",10500000.0,362.0,3,1,4,3545,4,Médio (1-10 ha),Muito Alto (>5M)
/imovel/rural-0-quartos-venda-jardim-botanico-brasilia-df-df140-km-11-1207237,"DF140 KM 11, JARDIM BOTANICO, BRASILIA","Venda Rural 2,00 ha",2.0,20000.0,Ao lado do Alphaville,400000.0,20.0,0,0,0,4972,0,Médio (1-10 ha),Baixo (≤500k)
/imovel/rural-0-quartos-venda-area-rural-de-cidade-ocidental-cidade-ocidental-go-area-rural-996770,"AREA RURAL, AREA RURAL DE CIDADE OCIDENTAL, CIDADE OCIDENTAL","Venda Rural 13,00 ha",13.0,130000.0,OPORTUNIDADE ÚNICA: Fazenda MARIA MOURA à venda na Área Rural,975000.0,7.0,0,0,0,9722,0,Grande (10-100 ha),Médio (500k-1.5M)
/imovel/rural-0-quartos-venda-nucleo-rural-lago-oeste-sobradinho-df-rua-18-1071658,"Rua 18, NUCLEO RURAL LAGO OESTE, SOBRADINHO","Venda Rural 2,00 ha",2.0,20000.0,,1900000.0,95.0,0,0,10,7626,0,Médio (1-10 ha),Alto (1.5M-5M)
/imovel/rural-0-quartos-venda-ponte-alta-gama-df-rodovia-df-001-98453,"Rodovia DF 001, PONTE ALTA, GAMA","Venda Rural 19,20 ha",19.2,192000.0,Ponte Alta de Baixo,6000000.0,31.0,0,0,0,20106,0,Grande (10-100 ha),Muito Alto (>5M)
/imovel/rural-4-quartos-venda-setor-residencial-mestre-darmas-planaltina-df-jardim-morumbi-1117917,"Jardim Morumbí, SETOR RESIDENCIAL MESTRE DARMAS, PLANALTINA","Venda Rural 5,22 ha",5.22,52200.0,"Chácara formada, excelente oportunida...",795000.0,15.0,5,3,10,25364,8,Médio (1-10 ha),Médio (500k-1.5M)
/imovel/rural-2-quartos-venda-santo-antonio-do-descoberto-santo-antonio-do-descoberto-go-santo-antonio-do-descoberto-324380,"SANTO ANTONIO DO DESCOBERTO, SANTO ANTONIO DO DESCOBERTO, SANTO ANTONIO DO DESCOBERTO","Venda Rural 0,01 ha",0.01,100.0,VENDA FAZENDA DUPLA PETIDÃO SANTO ANTÔNIO DO DESCOBERTO,10000000.0,142.0,2,0,0,5211,2,Pequeno (≤1 ha),Muito Alto (>5M)
/imovel/rural-0-quartos-venda-centro-santo-antonio-do-descoberto-go-quadra-103b-797609,"Quadra 103B, CENTRO, SANTO ANTONIO DO DESCOBERTO","Venda Rural 2,10 ha",2.1,21000.0,,139000.0,6.0,0,0,0,23922,0,Médio (1-10 ha),Baixo (≤500k)
/imovel/rural-0-quartos-venda-jardim-botanico-brasilia-df-rodovia-df-135-km-9-1119649,"Rodovia DF 135 KM 9, JARDIM BOTANICO, BRASILIA","Venda Rural 11,60 ha",11.6,116000.0,,2300000.0,19.0,0,0,0,24770,0,Grande (10-100 ha),Alto (1.5M-5M)
/imovel/rural-2-quartos-venda-granja-do-torto-brasilia-df-granja-do-torto-1204557,"GRANJA DO TORTO, GRANJA DO TORTO, BRASILIA","Venda Rural 0,70 ha",0.7,7000.0,Chácara a venda no Núcleo Rural Granja do Torto ( Núcleo Rural Boa Esperança) - Chácara Igarape,1499000.0,214.0,2,1,5,CJ5242,3,Pequeno (≤1 ha),Médio (500k-1.5M)
/imovel/rural-4-quartos-venda-zona-de-dinamizacao-santa-maria-df-nucleo-rural-de-santa-maria-841729,"NUCLEO RURAL DE SANTA MARIA, ZONA DE DINAMIZACAO, SANTA MARIA","Venda Rural 0,04 ha",0.04,400.0,CHACARA RIQUISSIMA EM AGUA - PARADISIACA! A 25 MINUTOS DA PONTE JK!!,1600000.0,4.0,5,4,82,6621,9,Pequeno (≤1 ha),Alto (1.5M-5M)
/imovel/rural-0-quartos-venda-estancias-vila-rica-sobradinho-df-rodovia-br-020-km-128-769170,"Rodovia BR 020 KM 12,8, ESTANCIAS VILA RICA, SOBRADINHO","Venda Rural 0,12 ha",0.12,1200.0,Samuel Pereira oferece: Mansão Alto Padrão 20.000 m² Condomínio Fechado Regularizado,3900000.0,3.0,0,0,6,16508,0,Pequeno (≤1 ha),Alto (1.5M-5M)
/imovel/rural-4-quartos-venda-colonia-agricola-alexandre-gusmao-brazlandia-df-quadra-9-996801,"Quadra 9, COLONIA AGRICOLA ALEXANDRE GUSMAO, BRAZLANDIA","Venda Rural 2,50 ha",2.5,25000.0,"CHÁCARA ESPETACULAR LUXOR, INCRA 09  4 QUARTOS 25 MIL M² ESCRITURADA REGISTRADA GEO ÁREA DE LAZER CO",3500000.0,140.0,6,4,100,4749,10,Médio (1-10 ha),Alto (1.5M-5M)
/imovel/rural-0-quartos-venda-jardim-botanico-brasilia-df-df140-km-11-695443,"DF140 KM 11, JARDIM BOTANICO, BRASILIA","Venda Rural 2,05 ha",2.05,20500.0,"CHÁC, 20.500 m2 NÚC. RURAL BARREIRO 1, BAIXOU 800.000,00 ESCRITURADA e bem localizada, plana, com várias qualidades de frutas - BARREIRO 1",800000.0,39.0,0,0,2,10846,0,Médio (1-10 ha),Médio (500k-1.5M)
/imovel/rural-0-quartos-venda-nucleo-rural-lago-oeste-sobradinho-df-rodovia-df-170-898783,"Rodovia DF 170, NUCLEO RURAL LAGO OESTE, SOBRADINHO","Venda Rural 0,02 ha",0.02,200.0,Excelente Localização,998000.0,4.0,0,0,0,29702,0,Pequeno (≤1 ha),Médio (500k-1.5M)
/imovel/rural-0-quartos-venda-zona-rural-sao-sebastiao-df-rural-1186106,"RURAL, ZONA RURAL, SAO SEBASTIAO","Venda Rural 18,00 ha",18.0,180000.0,Com aguada ao fundo Área de grande expansão urbana,2295000.0,12.0,0,0,0,29896,0,Grande (10-100 ha),Alto (1.5M-5M)
/imovel/rural-0-quartos-venda-nucleo-rural-lago-oeste-sobradinho-df-rua-5-1160315,"Rua 5, NUCLEO RURAL LAGO OESTE, SOBRADINHO","Venda Rural 0,02 ha",0.02,200.0,,1980000.0,9.0,0,0,5,31189,0,Pequeno (≤1 ha),Alto (1.5M-5M)
/imovel/rural-0-quartos-venda-colonia-agricola-alexandre-gusmao-brazlandia-df-quadra-8-1150546,"Quadra 8, COLONIA AGRICOLA ALEXANDRE GUSMAO, BRAZLANDIA","Venda Rural 4,72 ha",4.72,47200.0,,10000000.0,211.0,0,0,0,10802,0,Médio (1-10 ha),Muito Alto (>5M)
/imovel/rural-0-quartos-venda-sobradinho-sobradinho-df-nucleo-rural-sobradinho-i-589545,"Núcleo Rural Sobradinho I, SOBRADINHO, SOBRADINHO","Venda Rural 0,00 ha",0.0,0.0,,3300000.0,10.0,0,0,0,3561,0,Pequeno (≤1 ha),Alto (1.5M-5M)
/imovel/rural-3-quartos-venda-jardim-botanico-brasilia-df-df140-km-11-1148120,"DF140 KM 11, JARDIM BOTANICO, BRASILIA","Venda Rural 0,02 ha",0.02,200.0,Chácara no Barreiro,1400000.0,9.0,3,2,0,21696,5,Pequeno (≤1 ha),Médio (500k-1.5M)
/imovel/rural-0-quartos-venda-setor-tororo-brasilia-df-rodovia-df-140-km-45-985481,"Rodovia DF 140 km 45, SETOR TORORO, BRASILIA","Venda Rural 2,20 ha",2.2,22000.0,KM 08 CHACÁRA 100   URGENTE!!! ESCRITURADO E REGISTRADO!! CHACÁRA ÓTIMA PARA FAZER CONDOMINIO FAMILIAR!!,1260000.0,57.0,0,0,0,8165,0,Médio (1-10 ha),Médio (500k-1.5M)
/imovel/rural-0-quartos-venda-jardim-botanico-brasilia-df-condominio-le-jardin-1111078,"Condomínio Le Jardin, JARDIM BOTANICO, BRASILIA","Venda Rural 0,04 ha",0.04,400.0,Terreno Condomínio em Setor Habitacio...,350000.0,909.0,0,0,0,25021CJ,0,Pequeno (≤1 ha),Baixo (≤500k)
/imovel/rural-0-quartos-venda-nucleo-rural-lago-oeste-sobradinho-df-rua-15-705580,"Rua 15, NUCLEO RURAL LAGO OESTE, SOBRADINHO","Venda Rural 0,05 ha",0.05,500.0,,1400000.0,2.0,0,0,4,13216,0,Pequeno (≤1 ha),Médio (500k-1.5M)
/imovel/rural-0-quartos-venda-estancias-vila-rica-sobradinho-df-rodovia-br-020-980551,"RODOVIA BR 020, ESTANCIAS VILA RICA, SOBRADINHO","Venda Rural 0,04 ha",0.04,400.0,Núcleo Rural Sarandy Excelente chácara de 20.000 m² no Núcleo Rural Sarandy - BR-020 km,1300000.0,3.0,0,0,4,25592,0,Pequeno (≤1 ha),Médio (500k-1.5M)
/imovel/rural-0-quartos-venda-jardim-botanico-brasilia-df-rodovia-df-135-km-9-1061497,"Rodovia DF 135 KM 9, JARDIM BOTANICO, BRASILIA","Venda Rural 2,00 ha",2.0,20000.0,Terreno com mata e vista extraordinária,280000.0,14.0,0,0,0,24770,0,Médio (1-10 ha),Baixo (≤500k)
/imovel/rural-0-quartos-venda-ceilandia-sul-ceilandia-df-df-180-km-4-portaria-do-condominio-759206,"DF 180 KM 4 (Portaria do Condomínio), CEILANDIA SUL, CEILANDIA","Venda Rural 13,50 ha",13.5,135000.0,",Samambaia, Brasília ACEITA IMÓVEL COMO PARTE DE PAGAMENTO.",790000.0,5.0,0,0,4,29108 CJ,0,Grande (10-100 ha),Médio (500k-1.5M)
/imovel/rural-0-quartos-venda-nucleo-rural-lago-oeste-sobradinho-df-rua-18-1098579,"Rua 18, NUCLEO RURAL LAGO OESTE, SOBRADINHO","Venda Rural 2,00 ha",2.0,20000.0,ÓTIMA CHÁCARA,990000.0,49.0,0,0,8,27315,0,Médio (1-10 ha),Médio (500k-1.5M)
/imovel/rural-0-quartos-venda-cidade-ocidental-cidade-ocidental-go-jardim-abc-de-goias-1225599,"Jardim ABC de Goiás, CIDADE OCIDENTAL, CIDADE OCIDENTAL","Venda Rural 50,00 ha",50.0,500000.0,,3000000.0,6.0,0,0,0,5230,0,Grande (10-100 ha),Alto (1.5M-5M)
/imovel/rural-0-quartos-venda-zona-rural-planaltina-df-rodovia-br020-km-18-ent-embrapa-cpac-nucleo-rural-sarandy-622211,"Rodovia BR-020 km 18 Ent Embrapa CPAC Núcleo Rural Sarandy, ZONA RURAL, PLANALTINA","Venda Rural 0,01 ha",0.01,100.0,Excelente chácara no Núcleo Rural Sarandy - Rodovia BR-020 km - 18 Entrada da Embrapa,430000.0,2.0,0,0,2,25592,0,Pequeno (≤1 ha),Baixo (≤500k)
/imovel/rural-0-quartos-venda-altiplano-leste-brasilia-df-rodovia-df-001-altiplano-leste-987055,"Rodovia DF 001 Altiplano Leste, ALTIPLANO LESTE, BRASILIA","Venda Rural 2,00 ha",2.0,20000.0,,2299000.0,114.0,0,0,0,22303,0,Médio (1-10 ha),Alto (1.5M-5M)
/imovel/rural-0-quartos-venda-altiplano-leste-brasilia-df-rodovia-df-001-altiplano-leste-677920,"Rodovia DF 001 Altiplano Leste, ALTIPLANO LESTE, BRASILIA","Venda Rural 34,84 ha",34.84,348400.00000000006,HÁ 16KM DA PONTE JK,4500000.0,12.0,0,0,0,1658,0,Grande (10-100 ha),Alto (1.5M-5M)
/imovel/rural-4-quartos-venda-planaltina-planaltina-df-df-220-km-03-1193872,"DF 220 KM 03, PLANALTINA, PLANALTINA","Venda Rural 4,00 ha",4.0,40000.0,Chácara à venda em Brazlândia: 40.000...,850000.0,21.0,5,0,7,25364,5,Médio (1-10 ha),Médio (500k-1.5M)
/imovel/rural-3-quartos-venda-lago-norte-brasilia-df-smln-mi-trecho-05-1031767,"SMLN MI Trecho 05, LAGO NORTE, BRASILIA","Venda Rural 2,31 ha",2.31,23100.0,Chácara Lago Norte com 23052 m² por R$ 9.220.800 - Lago Norte - Brasília/DF,9220800.0,400.0,3,0,6,16359,3,Médio (1-10 ha),Muito Alto (>5M)
/imovel/rural-4-quartos-venda-zona-rural-santo-antonio-do-descoberto-go-area-rural-1163209,"Area Rural, ZONA RURAL, SANTO ANTONIO DO DESCOBERTO","Venda Rural 0,03 ha",0.03,300.0,Fazenda  Santo Antonio do Descoberto - 11 Hectares - Córrego/Nascentes -  110 mil m² por R$ 1.850.00,1850000.0,6.0,5,3,0,358,8,Pequeno (≤1 ha),Alto (1.5M-5M)
/imovel/rural-4-quartos-venda-zona-rural-planaltina-df-zona-rural-1227051,"Zona Rural, ZONA RURAL, PLANALTINA","Venda Rural 2,00 ha",2.0,20000.0,"Nucleo Rural Quintas do Maranhão Chácara dos Sonhos – Conforto, Natureza e Lazer em um só lugar!",650000.0,32.0,6,0,10,11619,6,Médio (1-10 ha),Médio (500k-1.5M)
/imovel/rural-3-quartos-venda-brazlandia-brazlandia-df-rodovia-df-220-1218192,"RODOVIA DF 220, BRAZLANDIA, BRAZLANDIA","Venda Rural 0,02 ha",0.02,200.0,AS MARGENS DA DF 220,400000.0,2.0,3,1,3,32223,4,Pequeno (≤1 ha),Baixo (≤500k)
/imovel/rural-0-quartos-venda-nucleo-rural-lago-oeste-sobradinho-df-rua-1-1061977,"Rua 1, NUCLEO RURAL LAGO OESTE, SOBRADINHO","Venda Rural 2,00 ha",2.0,20000.0,RUA 01 COM VISTA PARA O VALE,980000.0,49.0,0,0,5,27315,0,Médio (1-10 ha),Médio (500k-1.5M)
/imovel/rural-0-quartos-venda-nucleo-rural-lago-oeste-sobradinho-df-rua-2-1047560,"Rua 2, NUCLEO RURAL LAGO OESTE, SOBRADINHO","Venda Rural 2,00 ha",2.0,20000.0,ÓTIMA CHÁCARA NA RUA 02,1150000.0,57.0,0,0,8,27315,0,Médio (1-10 ha),Médio (500k-1.5M)
/imovel/rural-0-quartos-venda-nucleo-rural-lago-oeste-sobradinho-df-rua-6-1011599,"Rua 6, NUCLEO RURAL LAGO OESTE, SOBRADINHO","Venda Rural 2,00 ha",2.0,20000.0,CHÁCARA COM VISTA PARA O VALE,1290000.0,64.0,0,0,8,27315,0,Médio (1-10 ha),Médio (500k-1.5M)
/imovel/rural-0-quartos-venda-zona-rural-santo-antonio-do-descoberto-go-area-rural-1110463,"Area Rural, ZONA RURAL, SANTO ANTONIO DO DESCOBERTO","Venda Rural 0,02 ha",0.02,200.0,"LINDA FAZENDA A BEIRA DO RIO, PASTO FORMADO",3300000.0,16.0,0,0,0,9825,0,Pequeno (≤1 ha),Alto (1.5M-5M)
/imovel/rural-0-quartos-venda-jardim-botanico-brasilia-df-rodovia-df-135-km-9-1119652,"Rodovia DF 135 KM 9, JARDIM BOTANICO, BRASILIA","Venda Rural 2,00 ha",2.0,20000.0,,295000.0,14.0,0,0,0,24770,0,Médio (1-10 ha),Baixo (≤500k)
/imovel/rural-0-quartos-venda-altiplano-leste-brasilia-df-rodovia-df-001-altiplano-leste-830578,"Rodovia DF 001 Altiplano Leste, ALTIPLANO LESTE, BRASILIA","Venda Rural 2,00 ha",2.0,20000.0,ESCRITURADA E REGISTRADA,1500000.0,75.0,0,0,0,1658,0,Médio (1-10 ha),Médio (500k-1.5M)
/imovel/rural-3-quartos-venda-grande-colorado-sobradinho-df-condominio-vivendas-bela-vista-1106026,"Condomínio Vivendas Bela Vista, GRANDE COLORADO, SOBRADINHO","Venda Rural 0,05 ha",0.05,500.0,"Chácara comercial à venda em Sobradinho, Brasília-DF: excelente oportunidade de investimento!",3500000.0,7.0,3,0,0,28907,3,Pequeno (≤1 ha),Alto (1.5M-5M)
/imovel/rural-0-quartos-venda-altiplano-leste-brasilia-df-rodovia-df-001-altiplano-leste-1236473,"Rodovia DF 001 Altiplano Leste, ALTIPLANO LESTE, BRASILIA","Venda Rural 2,00 ha",2.0,20000.0,"100% PLANA E A 590 METROS DO ASFALTO !!! 100% PLANA, TODA CERCADA, MATRÍCULA LIBERADA",1900000.0,95.0,0,0,0,7038,0,Médio (1-10 ha),Alto (1.5M-5M)
/imovel/rural-4-quartos-venda-zona-rural-ceilandia-df-gleba-03-nucleo-rural-alexandre-gusmao-1157109,"Gleba 03 Nucleo Rural Alexandre Gusmao, ZONA RURAL, CEILANDIA","Venda Rural 0,03 ha",0.03,300.0,PRÓXIMO A PISTA LOCALIZAÇÃO EXCELENTE,2350000.0,7.0,4,1,50,31027,5,Pequeno (≤1 ha),Alto (1.5M-5M)
/imovel/rural-0-quartos-venda-altiplano-leste-brasilia-df-rodovia-df-001-altiplano-leste-734444,"Rodovia DF 001 Altiplano Leste, ALTIPLANO LESTE, BRASILIA","Venda Rural 8,00 ha",8.0,80000.0,"COM VISTA, RIO E CASA MARAVILHOSA",1600000.0,20.0,0,0,0,1658,0,Médio (1-10 ha),Alto (1.5M-5M)
/imovel/rural-0-quartos-venda-paranoa-paranoa-df-area-rural-1200053,"Área Rural, PARANOA, PARANOA","Venda Rural 45,90 ha",45.9,459000.0,"ÓTIMO SÍTIO, TERRA DE SOJA, REGIÃO DO PADF",3500000.0,7.0,0,0,0,9825,0,Grande (10-100 ha),Alto (1.5M-5M)
/imovel/rural-0-quartos-venda-jardim-botanico-brasilia-df-setor-habitacional-tororo-1074590,"Setor Habitacional Tororo, JARDIM BOTANICO, BRASILIA","Venda Rural 2,00 ha",2.0,20000.0,Excelente oportunidade de negócio em uma das áreas de expansão urbana que mais cresce no DF.,1800000.0,90.0,0,0,0,7043,0,Médio (1-10 ha),Alto (1.5M-5M)
/imovel/rural-3-quartos-venda-nucleo-rural-lago-oeste-sobradinho-df-rua-3-1155904,"Rua 3, NUCLEO RURAL LAGO OESTE, SOBRADINHO","Venda Rural 0,05 ha",0.05,500.0,"Chácara com 22.000m² à venda, Rua 03, no Lago Oeste.",1400000.0,2.0,3,3,5,3545,6,Pequeno (≤1 ha),Médio (500k-1.5M)
/imovel/rural-0-quartos-venda-nucleo-rural-lago-oeste-sobradinho-df-rua-17-1137738,"Rua 17, NUCLEO RURAL LAGO OESTE, SOBRADINHO","Venda Rural 0,04 ha",0.04,400.0,Viinhança formada,1099000.0,2.0,0,0,50,31027,0,Pequeno (≤1 ha),Médio (500k-1.5M)
/imovel/rural-0-quartos-venda-nucleo-rural-lago-oeste-sobradinho-df-rua-9-721265,"Rua 9, NUCLEO RURAL LAGO OESTE, SOBRADINHO","Venda Rural 2,00 ha",2.0,20000.0,ÓTIMA CHÁCARA COM ESTRUTURA EXUBERANTE,3100000.0,155.0,0,0,12,27315,0,Médio (1-10 ha),Alto (1.5M-5M)
/imovel/rural-0-quartos-venda-altiplano-leste-brasilia-df-rodovia-df-001-altiplano-leste-631896,"Rodovia DF 001 Altiplano Leste, ALTIPLANO LESTE, BRASILIA","Venda Rural 2,00 ha",2.0,20000.0,"VISTA LIVRE, ESPETACULAR",2200000.0,110.0,0,0,0,1658,0,Médio (1-10 ha),Alto (1.5M-5M)
/imovel/rural-0-quartos-venda-paranoa-paranoa-df-nucleo-rural-altiplano-leste-1197116,"Nucleo Rural Altiplano Leste, PARANOA, PARANOA","Venda Rural 2,00 ha",2.0,20000.0,"Chácara para Venda em Brasília, Jardim Botânico",1100000.0,55.0,0,0,0,15703,0,Médio (1-10 ha),Médio (500k-1.5M)
/imovel/rural-0-quartos-venda-nucleo-rural-lago-oeste-sobradinho-df-rua-24-979300,"Rua 24, NUCLEO RURAL LAGO OESTE, SOBRADINHO","Venda Rural 0,44 ha",0.44,4400.0,"Vendo Excelente Sítio, Paraiso Natural com lagoa, piscina,lazer e 4 estufa para planil",1980000.0,449.0,0,0,1,27943,0,Pequeno (≤1 ha),Alto (1.5M-5M)
/imovel/rural-0-quartos-venda-jardim-botanico-brasilia-df-altiplano-leste-1207247,"Altiplano Leste, JARDIM BOTANICO, BRASILIA","Venda Rural 2,00 ha",2.0,20000.0,,2400000.0,120.0,0,0,0,27017,0,Médio (1-10 ha),Alto (1.5M-5M)
/imovel/rural-0-quartos-venda-jardim-botanico-brasilia-df-df140-km-11-950089,"DF140 KM 11, JARDIM BOTANICO, BRASILIA","Venda Rural 2,02 ha",2.02,20200.0,"Chácara à venda, 20200 m² por R$ 1.450.000,00 - Setor Habitacional Tororó (Jardim Botânico) - Brasíl",1450000.0,71.0,0,0,0,23749,0,Médio (1-10 ha),Médio (500k-1.5M)
/imovel/rural-4-quartos-venda-mansoes-abraao-i-santa-maria-df-setor-de-mansoes-abraao-i-chacara-17-972973,"Setor de Mansões Abraão I Chacará 17, MANSOES ABRAAO I, SANTA MARIA","Venda Rural 0,00 ha",0.0,0.0,CHACÁRA EM SANTA MARIA À 2KM DA BR 040 - ESCRITURADA - TODA MURADA - CASA ESTILO COLONIAL,5000000.0,250.0,4,2,5,6131,6,Pequeno (≤1 ha),Alto (1.5M-5M)
/imovel/rural-0-quartos-venda-zona-rural-sao-sebastiao-df-rural-1110745,"RURAL, ZONA RURAL, SAO SEBASTIAO","Venda Rural 2,00 ha",2.0,20000.0,Córrego com água durante todo o ano.,500000.0,25.0,0,0,0,25679,0,Médio (1-10 ha),Baixo (≤500k)
/imovel/rural-0-quartos-venda-nucleo-rural-lago-oeste-sobradinho-df-rua-18-1217718,"Rua 18, NUCLEO RURAL LAGO OESTE, SOBRADINHO","Venda Rural 4,00 ha",4.0,40000.0,,2500000.0,62.0,0,0,3,27315,0,Médio (1-10 ha),Alto (1.5M-5M)
/imovel/rural-4-quartos-venda-nucleo-rural-lago-oeste-sobradinho-df-rua-13-765726,"Rua 13, NUCLEO RURAL LAGO OESTE, SOBRADINHO","Venda Rural 0,08 ha",0.08,800.0,,3300000.0,4.0,6,3,0,10075,9,Pequeno (≤1 ha),Alto (1.5M-5M)
/imovel/rural-0-quartos-venda-jardim-botanico-brasilia-df-rodovia-df-135-km-9-1203727,"Rodovia DF 135 KM 9, JARDIM BOTANICO, BRASILIA","Venda Rural 2,00 ha",2.0,20000.0,Terreno muito preservado,268000.0,13.0,0,0,0,24770,0,Médio (1-10 ha),Baixo (≤500k)
/imovel/rural-0-quartos-venda-nucleo-rural-lago-oeste-sobradinho-df-rua-14-715300,"Rua 14, NUCLEO RURAL LAGO OESTE, SOBRADINHO","Venda Rural 2,00 ha",2.0,20000.0,ÓTIM ACASA RECEM REFORMADA,2140000.0,107.0,0,0,8,27315,0,Médio (1-10 ha),Alto (1.5M-5M)
/imovel/rural-0-quartos-venda-nucleo-rural-lago-oeste-sobradinho-df-rua-18-1229063,"Rua 18, NUCLEO RURAL LAGO OESTE, SOBRADINHO","Venda Rural 2,00 ha",2.0,20000.0,"RUA SUPER TRANQUILA  SEM  TRÂNSITO  CHÁCARA PLANA,  CERCADA E TELADA,  VISTA  CHAPADA DA CONTAGEM",335000.0,16.0,0,0,0,5869,0,Médio (1-10 ha),Baixo (≤500k)
/imovel/rural-0-quartos-venda-jardim-botanico-brasilia-df-rodovia-df-135-km-9-1110071,"Rodovia DF 135 KM 9, JARDIM BOTANICO, BRASILIA","Venda Rural 2,00 ha",2.0,20000.0,"Condominio fechado e novo,2 corregos perenes no terreno.",280000.0,14.0,0,0,0,24770,0,Médio (1-10 ha),Baixo (≤500k)
/imovel/rural-0-quartos-venda-zona-rural-santo-antonio-do-descoberto-go-zona-rural-310300,"Zona Rural, ZONA RURAL, SANTO ANTONIO DO DESCOBERTO","Venda Rural 0,50 ha",0.5,5000.0,,3500000.0,700.0,0,0,0,4371,0,Pequeno (≤1 ha),Alto (1.5M-5M)
/imovel/rural-0-quartos-venda-zona-rural-planaltina-df-zona-rural-1187622,"Zona Rural, ZONA RURAL, PLANALTINA","Venda Rural 0,99 ha",0.99,9900.0,,1880000.0,190.0,0,0,10,18120,0,Pequeno (≤1 ha),Alto (1.5M-5M)
/imovel/rural-0-quartos-venda-zona-rural-brazlandia-df-rural-936615,"RURAL, ZONA RURAL, BRAZLANDIA","Venda Rural 2,00 ha",2.0,20000.0,Chacara formada com varias plantações.,790000.0,39.0,0,0,0,25937,0,Médio (1-10 ha),Médio (500k-1.5M)
/imovel/rural-0-quartos-venda-incra-8-brazlandia-df-area-especial-14-923887,"Área Especial 14, INCRA 8, BRAZLANDIA","Venda Rural 14,00 ha",14.0,140000.0,"INCRA 8, BRAZLANDIA, CHÁCARA COM 14 HECTARES, 100% PLANA",4500000.0,32.0,0,0,0,25942,0,Grande (10-100 ha),Alto (1.5M-5M)
/imovel/rural-3-quartos-venda-zona-rural-ceilandia-df-br-190-km-02-entrada-do-nucleo-rural-boa-esperanca-1128271,"BR 190 km 02 (Entrada do Núcleo Rural Boa Esperança), ZONA RURAL, CEILANDIA","Venda Rural 0,05 ha",0.05,500.0,FAZENDA 71 HECTARES - LOCALIZAÇÃO PRIVILEGIADA NA DF-190 a 30 km de Taguatinga-DF,9230000.0,18.0,3,0,0,4883,3,Pequeno (≤1 ha),Muito Alto (>5M)
/imovel/rural-3-quartos-venda-jardim-europa-luziania-go-rua-04-1100820,"Rua 04, JARDIM EUROPA, LUZIANIA","Venda Rural 1,00 ha",1.0,10000.0,CHÁCARA EM LUZIÂNIA - GO COMPLETA: CONFORTO E LAZER PARA SUA FAMÍLIA!,700000.0,70.0,3,3,0,25942,6,Pequeno (≤1 ha),Médio (500k-1.5M)
/imovel/rural-0-quartos-venda-paranoa-paranoa-df-rodovia-df-130-891304,"Rodovia DF 130, PARANOA, PARANOA","Venda Rural 42,00 ha",42.0,420000.0,,2500000.0,5.0,0,0,0,5580,0,Grande (10-100 ha),Alto (1.5M-5M)
/imovel/rural-0-quartos-venda-jardim-botanico-brasilia-df-altiplano-leste-1211853,"Altiplano Leste, JARDIM BOTANICO, BRASILIA","Venda Rural 2,00 ha",2.0,20000.0,"Altiplano Leste Chácara de 20.000m², terra virgem",1200000.0,60.0,0,0,0,24787,0,Médio (1-10 ha),Médio (500k-1.5M)
/imovel/rural-0-quartos-venda-taguatinga-norte-taguatinga-df-cnb-01-lote-05-1149576,"CNB 01 Lote 05, TAGUATINGA NORTE, TAGUATINGA","Venda Rural 2,00 ha",2.0,20000.0,Baixou o preço!!! Porteira fechada!!!,550000.0,27.0,0,0,0,21369,0,Médio (1-10 ha),Médio (500k-1.5M)
/imovel/rural-0-quartos-venda-nucleo-rural-lago-oeste-sobradinho-df-rua-17-1137471,"Rua 17, NUCLEO RURAL LAGO OESTE, SOBRADINHO","Venda Rural 2,00 ha",2.0,20000.0,LAGO OESTE,850000.0,42.0,0,0,2,27141,0,Médio (1-10 ha),Médio (500k-1.5M)
/imovel/rural-1-quarto-venda-jardim-botanico-brasilia-df-df140-km-11-1026185,"DF140 KM 11, JARDIM BOTANICO, BRASILIA","Venda Rural 2,00 ha",2.0,20000.0,Chácara a venda no Tororó c/ 20.000m²,650000.0,32.0,1,0,2,18837,1,Médio (1-10 ha),Médio (500k-1.5M)
/imovel/rural-0-quartos-venda-paranoa-paranoa-df-rodovia-df-130-1011756,"Rodovia DF 130, PARANOA, PARANOA","Venda Rural 3,00 ha",3.0,30000.0,,500000.0,16.0,0,0,0,5580,0,Médio (1-10 ha),Baixo (≤500k)
/imovel/rural-4-quartos-venda-parque-alvorada-iii-luziania-go-rua-01-a-1130699,"Rua 01 A, PARQUE ALVORADA III, LUZIANIA","Venda Rural 0,00 ha",0.0,0.0,Fazenda 20 Alqueires em Luziânia-GO - Excelente para Agricultura e Pecuária!,2800000.0,140.0,4,0,1,4883,4,Pequeno (≤1 ha),Alto (1.5M-5M)
/imovel/rural-3-quartos-venda-samambaia-norte-samambaia-df-nucleo-rural-de-taguatinga-1079158,"NUCLEO RURAL DE TAGUATINGA, SAMAMBAIA NORTE, SAMAMBAIA","Venda Rural 2,57 ha",2.57,25700.0,Haras escriturado no DF a 35 km do centro da cidade,1910000.0,74.0,3,1,0,11763,4,Médio (1-10 ha),Alto (1.5M-5M)
/imovel/rural-0-quartos-venda-jardim-botanico-brasilia-df-df140-km-11-1179660,"DF140 KM 11, JARDIM BOTANICO, BRASILIA","Venda Rural 1,22 ha",1.22,12200.0,,1240000.0,101.0,0,0,0,8274,0,Médio (1-10 ha),Médio (500k-1.5M)
/imovel/rural-0-quartos-venda-nucleo-rural-lago-oeste-sobradinho-df-rua-22-1197474,"Rua 22, NUCLEO RURAL LAGO OESTE, SOBRADINHO","Venda Rural 2,00 ha",2.0,20000.0,,980000.0,49.0,0,0,0,31365,0,Médio (1-10 ha),Médio (500k-1.5M)
/imovel/rural-0-quartos-venda-nucleo-rural-lago-oeste-sobradinho-df-rua-19-1172999,"Rua 19, NUCLEO RURAL LAGO OESTE, SOBRADINHO","Venda Rural 2,00 ha",2.0,20000.0,"Chácara à venda com 20.000m², próxima à pista, totalmente cercada e com terreno plano.",510000.0,25.0,0,0,0,3545,0,Médio (1-10 ha),Médio (500k-1.5M)
/imovel/rural-0-quartos-venda-ceilandia-centro-ceilandia-df-cnn-1-bloco-k-1143919,"CNN 1 Bloco K, CEILANDIA CENTRO, CEILANDIA","Venda Rural 0,01 ha",0.01,100.0,PRÓXIMO ATACADÃO DIA A DIA,690000.0,6.0,0,0,2,25937,0,Pequeno (≤1 ha),Médio (500k-1.5M)
/imovel/rural-0-quartos-venda-samambaia-norte-samambaia-df-qr-629-chacara-s-s-n-1161798,"QR 629 Chacará S S/N, SAMAMBAIA NORTE, SAMAMBAIA","Venda Rural 0,00 ha",0.0,0.0,DF 190 - Chácara vazada com energia  e agua de nascente - Samambaia Sul,280000.0,280.0,0,0,0,CJ1704,0,Pequeno (≤1 ha),Baixo (≤500k)
/imovel/rural-0-quartos-venda-brazlandia-brazlandia-df-nucleo-rural-incra-7-1074760,"Núcleo Rural Incra 7, BRAZLANDIA, BRAZLANDIA","Venda Rural 10,50 ha",10.5,105000.0,,3500000.0,33.0,0,0,0,5580,0,Grande (10-100 ha),Alto (1.5M-5M)
/imovel/rural-0-quartos-venda-parque-nova-iguacu-luziania-go-rua-23-901283,"Rua 23, PARQUE NOVA IGUACU, LUZIANIA","Venda Rural 0,20 ha",0.2,2000.0,,230000.0,116.0,0,0,4,9996,0,Pequeno (≤1 ha),Baixo (≤500k)
/imovel/rural-0-quartos-venda-zona-rural-luziania-go-area-rural-1064760,"Area Rural, ZONA RURAL, LUZIANIA","Venda Rural 0,17 ha",0.17,1700.0000000000002,Chac. Luziânia -15 KM Trevo - R$ 60 Mil  Chacara Luziânia sentido Cristalina - 15 KM Trevo - Aceito Carro,60000.0,35.0,0,0,5,31488,0,Pequeno (≤1 ha),Baixo (≤500k)
/imovel/rural-0-quartos-venda-lago-norte-brasilia-df-estrada-parque-paranoa-norte---emln-ml-trecho-3-1211881,"Estrada Parque Paranoá Norte   EMLN ML Trecho 3, LAGO NORTE, BRASILIA","Venda Rural 0,50 ha",0.5,5000.0,Núcleo Rural Jerivá Analisa Permuta,2700000.0,540.0,0,0,2,24787,0,Pequeno (≤1 ha),Alto (1.5M-5M)
/imovel/rural-0-quartos-venda-zona-rural-sobradinho-df-zona-rural-1023135,"Zona Rural, ZONA RURAL, SOBRADINHO","Venda Rural 2,00 ha",2.0,20000.0,(61) 3595-1212 CHACARA 20.000M² NA RODA DO CAVALO SOBRADINHO DF 61 3595-1212,620000.0,31.0,0,0,0,23202,0,Médio (1-10 ha),Médio (500k-1.5M)
/imovel/rural-0-quartos-venda-lago-norte-brasilia-df-smln-mi-trecho-05-924971,"SMLN MI Trecho 05, LAGO NORTE, BRASILIA","Venda Rural 5,00 ha",5.0,50000.0,Chácara à venda no Setor de Mansões do Lago Norte - Brasília/DF,1400000.0,28.0,0,0,10,26771,0,Médio (1-10 ha),Médio (500k-1.5M)
/imovel/rural-4-quartos-venda-jardim-botanico-brasilia-df-condominio-mansoes-serranas-831005,"Condomínio Mansões Serranas, JARDIM BOTANICO, BRASILIA","Venda Rural 0,04 ha",0.04,400.0,"CHACARA COM PISCINA NO MANSÕES SERRANAS, EXCELENTE LOCALIZAÇÃO!",1500000.0,3.0,4,2,6,24203,6,Pequeno (≤1 ha),Médio (500k-1.5M)
/imovel/rural-0-quartos-venda-colonia-agricola-samambaia-vicente-pires-df-chacara-51-356946,"Chacará 51, COLONIA AGRICOLA SAMAMBAIA, VICENTE PIRES","Venda Rural 3,50 ha",3.5,35000.0,Terreno 35 mil m²  Vicente Pires.,4500000.0,128.0,0,0,0,17954,0,Médio (1-10 ha),Alto (1.5M-5M)
/imovel/rural-0-quartos-venda-setor-residencial-mestre-darmas-planaltina-df-jardim-morumbi-1102801,"Jardim Morumbí, SETOR RESIDENCIAL MESTRE DARMAS, PLANALTINA","Venda Rural 2,00 ha",2.0,20000.0,,550000.0,27.0,0,0,0,5580,0,Médio (1-10 ha),Médio (500k-1.5M)
/imovel/rural-0-quartos-venda-zona-rural-santo-antonio-do-descoberto-go-area-rural-1006437,"Area Rural, ZONA RURAL, SANTO ANTONIO DO DESCOBERTO","Venda Rural 30,00 ha",30.0,300000.0,"CASA EXCELENTE, BOA DE ÁGUA",580000.0,1.0,0,0,0,1539 DF,0,Grande (10-100 ha),Médio (500k-1.5M)
/imovel/rural-0-quartos-venda-planaltina-planaltina-df-df-230-ate-km-0010-1125100,"DF 230 ATE KM 0,010, PLANALTINA, PLANALTINA","Venda Rural 9,00 ha",9.0,90000.0,61 3595-1212 RIO PIPIRIPAU / 9 HECTARES CAR / LAZER / PISCINA / PLANTIO 61 3595-1212,2200000.0,24.0,0,0,0,23202,0,Médio (1-10 ha),Alto (1.5M-5M)
/imovel/rural-0-quartos-venda-altiplano-leste-brasilia-df-rodovia-df-001-altiplano-leste-1126574,"Rodovia DF 001 Altiplano Leste, ALTIPLANO LESTE, BRASILIA","Venda Rural 4,00 ha",4.0,40000.0,ALTIPLANO LESTE -  Chácara 4HA -  Excelente Oportunidade Às margens do Rio São Bartolomeu!,1200000.0,30.0,0,0,0,9764,0,Médio (1-10 ha),Médio (500k-1.5M)
/imovel/rural-3-quartos-venda-jardim-botanico-brasilia-df-chacara-s-itaipu-973661,"Chacará S ITAIPU, JARDIM BOTANICO, BRASILIA","Venda Rural 4,60 ha",4.6,46000.0,Chacaras escrituradas e registradas na Estrada do Sol Mansões Itaipu,4500000.0,97.0,3,1,4,13036,4,Médio (1-10 ha),Alto (1.5M-5M)
/imovel/rural-3-quartos-venda-samambaia-norte-samambaia-df-nucleo-rural-de-taguatinga-1079159,"NUCLEO RURAL DE TAGUATINGA, SAMAMBAIA NORTE, SAMAMBAIA","Venda Rural 2,57 ha",2.57,25700.0,Haras escriturado no DF a 35 km do centro da cidade,1910000.0,74.0,3,1,0,11763,4,Médio (1-10 ha),Alto (1.5M-5M)
/imovel/rural-4-quartos-venda-ponte-alta-gama-df-avenida-ponte-alta-norte-888021,"Avenida Ponte Alta Norte, PONTE ALTA, GAMA","Venda Rural 0,20 ha",0.2,2000.0,0 CHÁCARAS PARA EVENTOS NA PONTE ALTA - GAMA,1900000.0,950.0,4,2,0,26903,6,Pequeno (≤1 ha),Alto (1.5M-5M)
/imovel/rural-4-quartos-venda-lago-sul-brasilia-df-shis-qi-29-1121153,"SHIS QI 29, LAGO SUL, BRASILIA","Venda Rural 0,04 ha",0.04,400.0,Altiplano Leste + Vista para o Vale + Chácara + Casa de Campo + Escriturada,1199000.0,2.0,4,2,10,22905,6,Pequeno (≤1 ha),Médio (500k-1.5M)
/imovel/rural-0-quartos-venda-zona-rural-planaltina-df-zona-rural-1018997,"Zona Rural, ZONA RURAL, PLANALTINA","Venda Rural 19,00 ha",19.0,190000.0,* A&M IMÓVEIS VENDE ÓTIMA CHÁCARA COM 19 HECTARES COM MUITA ÁGUA,950000.0,5.0,0,0,0,28320,0,Grande (10-100 ha),Médio (500k-1.5M)
/imovel/rural-0-quartos-venda-setor-oeste-gama-df-ponte-alta-de-cima-569134,"Ponte Alta de Cima, SETOR OESTE, GAMA","Venda Rural 33,89 ha",33.89,338900.0,Venda Fazenda Setor Oeste Gama,4000000.0,11.0,0,0,0,23698,0,Grande (10-100 ha),Alto (1.5M-5M)
/imovel/rural-4-quartos-venda-nucleo-rural-lago-oeste-sobradinho-df-rua-4-1126126,"Rua 4, NUCLEO RURAL LAGO OESTE, SOBRADINHO","Venda Rural 0,02 ha",0.02,200.0,Chácara Raios de Luz,1649000.0,8.0,4,3,8,11060,7,Pequeno (≤1 ha),Alto (1.5M-5M)
/imovel/rural-0-quartos-venda-sobradinho-sobradinho-df-df-250-km-8-centro-comunitario-1155632,"DF 250 KM 8 CENTRO COMUNITARIO, SOBRADINHO, SOBRADINHO","Venda Rural 2,00 ha",2.0,20000.0,"Fazenda à venda, 20000 m² por R$ 4.800.000,00 - Núcleo Rural Capão da Erva - DF",4800000.0,240.0,0,0,0,3545,0,Médio (1-10 ha),Alto (1.5M-5M)
/imovel/rural-0-quartos-venda-zona-rural-ceilandia-df-br-190-km-02-entrada-do-nucleo-rural-boa-esperanca-1132346,"BR 190 km 02 (Entrada do Núcleo Rural Boa Esperança), ZONA RURAL, CEILANDIA","Venda Rural 2,00 ha",2.0,20000.0,Localização privilegiada na DF 190,1250000.0,62.0,0,0,8,28518,0,Médio (1-10 ha),Médio (500k-1.5M)
/imovel/rural-0-quartos-venda-setor-oeste-gama-df-nucleo-rural-casa-grande--1209989,"Núcleo Rural Casa Grande , SETOR OESTE, GAMA","Venda Rural 2,00 ha",2.0,20000.0,,1500000.0,75.0,0,0,0,29218,0,Médio (1-10 ha),Médio (500k-1.5M)
/imovel/rural-4-quartos-venda-jardim-botanico-brasilia-df-condominio-belvedere-green-1010838,"Condomínio Belvedere Green, JARDIM BOTANICO, BRASILIA","Venda Rural 0,14 ha",0.14,1400.0000000000002,Chácara Única no Jardim Botânico: 2 Hectare com Potencial para Negócios Exclusivos!,4850000.0,3.0,11,3,10,21418,14,Pequeno (≤1 ha),Alto (1.5M-5M)
/imovel/rural-4-quartos-venda-zona-rural-sao-sebastiao-df-rural-1156080,"RURAL, ZONA RURAL, SAO SEBASTIAO","Venda Rural 16,00 ha",16.0,160000.0,"Chácara Castelo Forte à venda com porteira fechada, Jardim Botânico - DF - 18 KM do Balão da ESAF",12000000.0,75.0,10,5,0,3545,15,Grande (10-100 ha),Muito Alto (>5M)
/imovel/rural-0-quartos-venda-sao-bartolomeu-sao-sebastiao-df-area-especial-ec-1088966,"Área Especial EC, SAO BARTOLOMEU, SAO SEBASTIAO","Venda Rural 54,00 ha",54.0,540000.0,FAZENDA FORMDA,1350000.0,2.0,0,0,1,24770,0,Grande (10-100 ha),Médio (500k-1.5M)
/imovel/rural-3-quartos-venda-metropolitana-nucleo-bandeirante-df-via-metropolitana-1169072,"Via Metropolitana, METROPOLITANA, NUCLEO BANDEIRANTE","Venda Rural 0,04 ha",0.04,400.0,DF 190  - Chácara com área de lazer - casa de caseiro -  Samambaia Sul,490000.0,1.0,3,1,10,CJ1704,4,Pequeno (≤1 ha),Baixo (≤500k)
/imovel/rural-4-quartos-venda-nucleo-rural-lago-oeste-sobradinho-df-nucleo-rural-lago-oeste-1171095,"NUCLEO RURAL LAGO OESTE, NUCLEO RURAL LAGO OESTE, SOBRADINHO","Venda Rural 1,50 ha",1.5,15000.0,"Chácara Exclusiva c/ Porteira Fechada no Lago Oeste, Brasília - DF",1795000.0,119.0,4,4,15,22001,8,Médio (1-10 ha),Alto (1.5M-5M)
/imovel/rural-0-quartos-venda-setor-habitacional-fercal-sobradinho-df-rodovia-df-205-1034009,"Rodovia DF 205, SETOR HABITACIONAL FERCAL, SOBRADINHO","Venda Rural 0,10 ha",0.1,1000.0,,2200000.0,2.0,0,0,0,31097,0,Pequeno (≤1 ha),Alto (1.5M-5M)
/imovel/rural-4-quartos-venda-nucleo-rural-lago-oeste-sobradinho-df-rua-5-1131939,"Rua 5, NUCLEO RURAL LAGO OESTE, SOBRADINHO","Venda Rural 2,10 ha",2.1,21000.0,Charara bem estruturada,1980000.0,94.0,5,2,4,27949,7,Médio (1-10 ha),Alto (1.5M-5M)
/imovel/rural-4-quartos-venda-santo-antonio-do-descoberto-santo-antonio-do-descoberto-go-santo-antonio-do-descoberto-1216679,"SANTO ANTONIO DO DESCOBERTO, SANTO ANTONIO DO DESCOBERTO, SANTO ANTONIO DO DESCOBERTO","Venda Rural 15,00 ha",15.0,150000.0,Chácara escriturada - 15.000m² - Lazer completo e Vista da m Porteira fechada,1350000.0,9.0,5,1,10,23020,6,Grande (10-100 ha),Médio (500k-1.5M)
/imovel/rural-0-quartos-venda-parque-santa-fe-luziania-go-rua-18-1038642,"Rua 18, PARQUE SANTA FE, LUZIANIA","Venda Rural 0,58 ha",0.58,5800.0,Excelente Oportunidade!!!,800000.0,138.0,0,0,6,29022,0,Pequeno (≤1 ha),Médio (500k-1.5M)
/imovel/rural-0-quartos-venda-zona-rural-ceilandia-df-gleba-03-nucleo-rural-alexandre-gusmao-968126,"Gleba 03 Nucleo Rural Alexandre Gusmao, ZONA RURAL, CEILANDIA","Venda Rural 17,00 ha",17.0,170000.0,Chácara terreno com  17 ha  35 km do Plano de Piloto,4250000.0,25.0,0,0,0,17954,0,Grande (10-100 ha),Alto (1.5M-5M)
/imovel/rural-3-quartos-venda-jardim-botanico-brasilia-df-condominio-mansoes-serranas-910679,"Condomínio Mansões Serranas, JARDIM BOTANICO, BRASILIA","Venda Rural 0,55 ha",0.55,5500.0,CHACARA COM 5.500M² NO MANSÕES SERRANA - JARDIM BOTÂNICO,1500000.0,272.0,3,1,2,26903,4,Pequeno (≤1 ha),Médio (500k-1.5M)
/imovel/rural-0-quartos-venda-setor-de-chacaras-anhanguera-a-valparaiso-de-goias-go-quadra-5-1143569,"Quadra 5, SETOR DE CHACARAS ANHANGUERA A, VALPARAISO DE GOIAS","Venda Rural 0,00 ha",0.0,0.0,Chácara 7mil metros quadrados. A 1.5 km de Gameleira de Goiás,600000.0,85.0,0,0,0,7932,0,Pequeno (≤1 ha),Médio (500k-1.5M)
/imovel/rural-0-quartos-venda-centro-santo-antonio-do-descoberto-go-33-1149039,"33, CENTRO, SANTO ANTONIO DO DESCOBERTO","Venda Rural 0,08 ha",0.08,800.0,Linda vista para o lago Corumbá 4,1950000.0,2.0,0,0,20,20576,0,Pequeno (≤1 ha),Alto (1.5M-5M)
/imovel/rural-0-quartos-venda-ceilandia-sul-ceilandia-df-qnp-16-conjunto-p-1194926,"QNP 16 Conjunto P, CEILANDIA SUL, CEILANDIA","Venda Rural 0,02 ha",0.02,200.0,Chácara de 2 Hectares com Tanques de Peixes e Horta à Venda no Setor de Chácaras P Sul - Ceilândia,250000.0,1.0,0,0,0,20346-J-DF,0,Pequeno (≤1 ha),Baixo (≤500k)
/imovel/rural-0-quartos-venda-zona-rural-brazlandia-df-rural-930756,"RURAL, ZONA RURAL, BRAZLANDIA","Venda Rural 0,10 ha",0.1,1000.0,"Chácara a venda a 16km do pistão norte, Incra 07 Reserva F .Chácara com 20.000 m2 ou 02 hectares tod",1800000.0,1.0,0,0,4,11476,0,Pequeno (≤1 ha),Alto (1.5M-5M)
/imovel/rural-4-quartos-venda-zona-rural-ceilandia-df-rodovia-br-070-km-17-st-de-chacaras-agusmao-831575,"Rodovia BR 070, km 17 St de Chácaras A.Gusmão, ZONA RURAL, CEILANDIA","Venda Rural 0,02 ha",0.02,200.0,,450000.0,1.0,4,2,10,6041,6,Pequeno (≤1 ha),Baixo (≤500k)
/imovel/rural-4-quartos-venda-vicente-pires-vicente-pires-df-quadra-6-conjunto-19-1122497,"Quadra 6 Conjunto 19, VICENTE PIRES, VICENTE PIRES","Venda Rural 0,03 ha",0.03,300.0,"AVENIDA DA MISERICÓRDIA - CASA 4 QUARTOS, LOTE 500M² E ESCRITURADA",900000.0,3.0,4,2,8,21418,6,Pequeno (≤1 ha),Médio (500k-1.5M)
/imovel/rural-0-quartos-venda-centro-luziania-go-praca-nirson-carneiro-lobo-1184169,"PRACA NIRSON CARNEIRO LOBO, CENTRO, LUZIANIA","Venda Rural 4,00 ha",4.0,40000.0,ACESSO PRIVATIVO LAGO CORUMBÁ 3,2500000.0,62.0,0,0,0,25937,0,Médio (1-10 ha),Alto (1.5M-5M)
/imovel/rural-4-quartos-venda-nucleo-rural-lago-oeste-sobradinho-df-rua-1-1210992,"Rua 1, NUCLEO RURAL LAGO OESTE, SOBRADINHO","Venda Rural 0,03 ha",0.03,300.0,"DF 001, Lago Oeste, Rua 01",770000.0,2.0,4,3,2,19421,7,Pequeno (≤1 ha),Médio (500k-1.5M)
/imovel/rural-4-quartos-venda-zona-de-dinamizacao-santa-maria-df-nucleo-rural-de-santa-maria-1160717,"NUCLEO RURAL DE SANTA MARIA, ZONA DE DINAMIZACAO, SANTA MARIA","Venda Rural 0,03 ha",0.03,300.0,Núcleo Rural de Santa Maria | Chácara com 4 quartos - sendo 2 suítes - área de lazer - Zona de Dinam,1049000.0,3.0,4,2,0,CJ1704,6,Pequeno (≤1 ha),Médio (500k-1.5M)
/imovel/rural-4-quartos-venda-parque-estrela-dalva-ix-luziania-go-quadra-quadra-69-878743,"Quadra Quadra 69, PARQUE ESTRELA DALVA IX, LUZIANIA","Venda Rural 0,61 ha",0.61,6100.0,"Jardim Ingá - Chácara com 6.000 m²  com piscina, churrasqueira, sauna, 2 casas, muito espaço",1600000.0,262.0,6,2,5,25942,8,Pequeno (≤1 ha),Alto (1.5M-5M)
/imovel/rural-3-quartos-venda-cidade-nova-gama-df-avenida-contorno-1212603,"Avenida Contorno, CIDADE NOVA, GAMA","Venda Rural 0,04 ha",0.04,400.0,Terreno / Chácara 20.000 metros / gama oeste,2000000.0,5.0,3,0,10,CJ5242,3,Pequeno (≤1 ha),Alto (1.5M-5M)
/imovel/rural-0-quartos-venda-setor-residencial-mestre-darmas-planaltina-df-nucleo-rural-sarandy-1117643,"NUCLEO RURAL SARANDY, SETOR RESIDENCIAL MESTRE DARMAS, PLANALTINA","Venda Rural 0,65 ha",0.65,6500.0,(61) 3595-1212 CHACARA / 3 HACTARES / PLANALTINA DF / 61 3595-1212,650000.0,100.0,0,0,0,9647,0,Pequeno (≤1 ha),Médio (500k-1.5M)
/imovel/rural-0-quartos-venda-paranoa-paranoa-df-rodovia-df-128-lado-direito-logo-apos-a-ponte-do-rio-maranhao-1102708,"Rodovia DF 128 Lado direito logo após a Ponte do Rio Maranhão, PARANOA, PARANOA","Venda Rural 0,02 ha",0.02,200.0,,410000.0,2.0,0,0,4,31365,0,Pequeno (≤1 ha),Baixo (≤500k)
/imovel/rural-3-quartos-venda-zona-rural-planaltina-df-zona-rural-1151623,"Zona Rural, ZONA RURAL, PLANALTINA","Venda Rural 2,00 ha",2.0,20000.0,A&M IMÓVEIS VENDE EXCELENTE CHÁCARA ESCRITURADA E REGISTRADA,750000.0,37.0,3,3,2,28320,6,Médio (1-10 ha),Médio (500k-1.5M)
/imovel/rural-0-quartos-venda-zona-rural-brasilia-df-rodovia-df-001-quadra-10-boqueirao-1211780,"Rodovia DF 001, Quadra 10 (Boqueirão), ZONA RURAL, BRASILIA","Venda Rural 0,01 ha",0.01,100.0,Núcleo Rural Boqueirão Quinhão 3 - Chácara  ampla na beira do rio - Paranoá,650000.0,10.0,0,0,0,CJ1704,0,Pequeno (≤1 ha),Médio (500k-1.5M)
/imovel/rural-0-quartos-venda-jardim-botanico-brasilia-df-altiplano-leste-968203,"Altiplano Leste, JARDIM BOTANICO, BRASILIA","Venda Rural 0,12 ha",0.12,1200.0,,6000000.0,5.0,0,0,20,26907,0,Pequeno (≤1 ha),Muito Alto (>5M)
/imovel/rural-0-quartos-venda-setor-oeste-gama-df-ponte-alta-de-cima-1131972,"Ponte Alta de Cima, SETOR OESTE, GAMA","Venda Rural 2,00 ha",2.0,20000.0,,265000.0,13.0,0,0,0,21101,0,Médio (1-10 ha),Baixo (≤500k)
/imovel/rural-4-quartos-venda-nucleo-rural-lago-oeste-sobradinho-df-rua-19-1226379,"Rua 19, NUCLEO RURAL LAGO OESTE, SOBRADINHO","Venda Rural 0,01 ha",0.01,100.0,Condomínio em área rural - segurança 24h,590000.0,5.0,4,3,10,31789,7,Pequeno (≤1 ha),Médio (500k-1.5M)
/imovel/rural-2-quartos-venda-mansoes-de-recreio-estrela-dalva-viii-luziania-go-quadra-quadra-169-649224,"Quadra Quadra 169, MANSOES DE RECREIO ESTRELA DALVA VIII, LUZIANIA","Venda Rural 0,08 ha",0.08,800.0,CHÁCARA MURADA COM UMA CASA E UM BARRACO NO JARDIM INGÁ - LUZIÂNIA,95000.0,120.0,2,0,1,26425,2,Pequeno (≤1 ha),Baixo (≤500k)
/imovel/rural-4-quartos-venda-jardim-botanico-brasilia-df-condominio-residencial-santa-monica-1143415,"Condomínio Residencial Santa Mônica, JARDIM BOTANICO, BRASILIA","Venda Rural 2,00 ha",2.0,20000.0,"Sítio à venda, 20000 m² por R$ 2.300.000 - Jardim Botânico - Brasília/DF",2300000.0,115.0,6,3,0,19000,9,Médio (1-10 ha),Alto (1.5M-5M)
/imovel/rural-0-quartos-venda-zona-rural-sao-sebastiao-df-rural-1146910,"RURAL, ZONA RURAL, SAO SEBASTIAO","Venda Rural 5,50 ha",5.5,55000.0,,990000.0,18.0,0,0,2,17816,0,Médio (1-10 ha),Médio (500k-1.5M)
/imovel/rural-0-quartos-venda-mansoes-de-recreio-estrela-dalva-i-cidade-ocidental-go-quadra-1-1153940,"Quadra 1, MANSOES DE RECREIO ESTRELA DALVA I, CIDADE OCIDENTAL","Venda Rural 0,02 ha",0.02,200.0,"Chácara Escriturada com 12.736 m² - Ideal para Lazer, Descanso ou Investimento!",750000.0,4.0,0,0,0,11060,0,Pequeno (≤1 ha),Médio (500k-1.5M)
/imovel/rural-0-quartos-venda-zona-rural-brasilia-df-zona-rural-1173061,"Zona Rural, ZONA RURAL, BRASILIA","Venda Rural 0,38 ha",0.38,3800.0,61 3595-1212 CHACARA  / LAGO NORTE / PLANO / 61 3595-1212,1300000.0,344.0,0,0,0,23202,0,Pequeno (≤1 ha),Médio (500k-1.5M)
/imovel/rural-0-quartos-venda-grande-colorado-sobradinho-df-rodovia-df-150-1156770,"Rodovia DF 150, GRANDE COLORADO, SOBRADINHO","Venda Rural 2,88 ha",2.88,28800.0,A&M IMOVEIS VENDE EXELENTE AREA DE 28.885HECTARES AS MARGENS DA DF 150,11000000.0,381.0,0,0,0,28320,0,Médio (1-10 ha),Muito Alto (>5M)
/imovel/rural-0-quartos-venda-setor-bosque-formosa-go-avenida-tancredo-neves-1064672,"AVENIDA TANCREDO NEVES, SETOR BOSQUE, FORMOSA","Venda Rural 0,02 ha",0.02,200.0,Imobiliária Setor Bosque -Fazenda Setor Bosque à venda,6500000.0,33.0,0,0,0,21418,0,Pequeno (≤1 ha),Muito Alto (>5M)
/imovel/rural-3-quartos-venda-lago-norte-brasilia-df-smln-ml-trecho-7-conjunto-1-912579,"SMLN ML Trecho 7 Conjunto 1, LAGO NORTE, BRASILIA","Venda Rural 0,03 ha",0.03,300.0,MARAVILHOSA CHÁCARA NO SETOR DE MANSÕES DO LAGO NORTE!,900000.0,3.0,3,1,2,24203,4,Pequeno (≤1 ha),Médio (500k-1.5M)
/imovel/rural-0-quartos-venda-estancias-vila-rica-sobradinho-df-rodovia-br-020-771219,"RODOVIA BR 020, ESTANCIAS VILA RICA, SOBRADINHO","Venda Rural 2,07 ha",2.07,20700.0,(61) 3595-1212 LOTE RURAL ESCRITURADO CHÁCARA ESTÂCIA VILA RICA 61 3256-8255,700000.0,33.0,0,0,0,23202,0,Médio (1-10 ha),Médio (500k-1.5M)
/imovel/rural-0-quartos-venda-paranoa-paranoa-df-rodovia-df-130-km-31-1088983,"Rodovia DF 130 KM 31, PARANOA, PARANOA","Venda Rural 22,00 ha",22.0,220000.0,"córrego e muitas nascentes dentro do terreno ,1,5 KM DO ASFALTO",2250000.0,10.0,0,0,0,24770,0,Grande (10-100 ha),Alto (1.5M-5M)
/imovel/rural-0-quartos-venda-chacaras-ipanema-valparaiso-de-goias-go-rua-deodoro-da-fonseca-qs-03-04-e-05-1148704,"Rua Deodoro da Fonseca (Qs 03 04 e 05), CHACARAS IPANEMA, VALPARAISO DE GOIAS","Venda Rural 1,85 ha",1.85,18500.0,Próximo a BR 040,500000.0,27.0,0,0,20,20576,0,Médio (1-10 ha),Baixo (≤500k)
/imovel/rural-2-quartos-venda-paranoa-paranoa-df-rodovia-df-250-1161066,"RODOVIA DF 250, PARANOA, PARANOA","Venda Rural 0,08 ha",0.08,800.0,"RODOVIA DF 250, CHÁCARA SÃO JOSÉ - Chácara com 2 dormitórios à venda -  Paranoá",6500000.0,8.0,2,0,10,CJ1704,2,Pequeno (≤1 ha),Muito Alto (>5M)
/imovel/rural-0-quartos-venda-parque-da-barragem-setor-08-aguas-lindas-de-goias-go-quadra-35-conjunto-a-1105119,"Quadra 35 Conjunto A, PARQUE DA BARRAGEM SETOR 08, AGUAS LINDAS DE GOIAS","Venda Rural 17,25 ha",17.25,172500.0,ÁGUAS LINDAS - SÍTIO XODÓ DA VIOLA,1800000.0,10.0,0,0,0,25942,0,Grande (10-100 ha),Alto (1.5M-5M)
/imovel/rural-1-quarto-venda-altiplano-leste-brasilia-df-rodovia-df-001-altiplano-leste-1161542,"Rodovia DF 001 Altiplano Leste, ALTIPLANO LESTE, BRASILIA","Venda Rural 2,00 ha",2.0,20000.0,Fazenda Paranoá - Chácara à venda - Altiplano Leste - Brasília/DF,600000.0,30.0,1,0,0,CJ1704,1,Médio (1-10 ha),Médio (500k-1.5M)
/imovel/rural-2-quartos-venda-brazlandia-brazlandia-df-rodovia-df-220-1237096,"RODOVIA DF 220, BRAZLANDIA, BRAZLANDIA","Venda Rural 0,02 ha",0.02,200.0,"Área plana, excelente para o cultivo de hortaliça",1200000.0,6.0,2,0,0,27949,2,Pequeno (≤1 ha),Médio (500k-1.5M)
/imovel/rural-0-quartos-venda-ponte-alta-gama-df-ponte-alta-norte-1163236,"Ponte Alta Norte, PONTE ALTA, GAMA","Venda Rural 0,02 ha",0.02,200.0,"DF290 e DF180 CHÁCARA PONTE ALTA GAMA  5,6 hectares Alto Potencial Hídrico",999000.0,4.0,0,0,10,25363,0,Pequeno (≤1 ha),Médio (500k-1.5M)
/imovel/rural-0-quartos-venda-cidade-ocidental-cidade-ocidental-go-sq-1208407,"SQ, CIDADE OCIDENTAL, CIDADE OCIDENTAL","Venda Rural 2,00 ha",2.0,20000.0,Fazenda Xavier Chácara toda plana com acesso ao rio,500000.0,25.0,0,0,0,20280,0,Médio (1-10 ha),Baixo (≤500k)
/imovel/rural-4-quartos-venda-samambaia-sul-samambaia-df-rodovia-br-060-1103219,"RODOVIA BR 060, SAMAMBAIA SUL, SAMAMBAIA","Venda Rural 20,00 ha",20.0,200000.0,BR 060 - KM 21 - NO DF - ESCRITURADA - PODE PARCELAR RURAL - AIRBNB NO CERRADO - - 20 HECTARES - 30,1450000.0,7.0,4,2,0,20940,6,Grande (10-100 ha),Médio (500k-1.5M)
/imovel/rural-0-quartos-venda-jardim-botanico-brasilia-df-df140-km-11-941347,"DF140 KM 11, JARDIM BOTANICO, BRASILIA","Venda Rural 0,03 ha",0.03,300.0,"Chácara na DF 140,  em rua pavimentada!",1650000.0,5.0,0,0,0,26755,0,Pequeno (≤1 ha),Alto (1.5M-5M)
/imovel/rural-0-quartos-venda-setor-tororo-brasilia-df-setor-mansoes-fazendarias-1178991,"Setor Mansoes Fazendarias, SETOR TORORO, BRASILIA","Venda Rural 1,22 ha",1.22,12200.0,"DF-140 _ KM 7,5",1240000.0,101.0,0,0,1,8274,0,Médio (1-10 ha),Médio (500k-1.5M)
/imovel/rural-0-quartos-venda-zona-rural-ceilandia-df-rodovia-br-070-km-17-st-de-chacaras-agusmao-999731,"Rodovia BR 070, km 17 St de Chácaras A.Gusmão, ZONA RURAL, CEILANDIA","Venda Rural 6,05 ha",6.05,60500.0,,1800000.0,29.0,0,0,0,27088,0,Médio (1-10 ha),Alto (1.5M-5M)
/imovel/rural-4-quartos-venda-planaltina-planaltina-df-df-230-ate-km-0010-682322,"DF 230 ATE KM 0,010, PLANALTINA, PLANALTINA","Venda Rural 7,24 ha",7.24,72400.0,"Sítio em Planaltina, DF",2200000.0,30.0,10,2,104,24663,12,Médio (1-10 ha),Alto (1.5M-5M)
/imovel/rural-4-quartos-venda-nucleo-rural-lago-oeste-sobradinho-df-nucleo-rural-lago-oeste-129441,"NUCLEO RURAL LAGO OESTE, NUCLEO RURAL LAGO OESTE, SOBRADINHO","Venda Rural 2,00 ha",2.0,20000.0,"CHÁCARA PRONTA - MURADA - CASA, PISCINA - ENERGIA FOTOVOLTAICA",1790000.0,89.0,4,2,10,18046,6,Médio (1-10 ha),Alto (1.5M-5M)
/imovel/rural-0-quartos-venda-engenho-das-lages-gama-df-travessa-sao-bento-1195128,"Travessa São Bento, ENGENHO DAS LAGES, GAMA","Venda Rural 10,40 ha",10.4,104000.0,BEIRA DA RODOVIA-acesso asfaltado,10000000.0,96.0,0,0,20,20576,0,Grande (10-100 ha),Muito Alto (>5M)
/imovel/rural-4-quartos-venda-paranoa-paranoa-df-sobradinho-dos-melos-274058,"SOBRADINHO DOS MELOS, PARANOA, PARANOA","Venda Rural 1,00 ha",1.0,10000.0,Terreno / Chácara - Plano ótimo para loteamento.,2350000.0,235.0,4,1,4,17954,5,Pequeno (≤1 ha),Alto (1.5M-5M)
/imovel/rural-4-quartos-venda-aguas-lindas-de-goias-aguas-lindas-de-goias-go-aguas-lindas-de-goias-1161530,"AGUAS LINDAS DE GOIAS, AGUAS LINDAS DE GOIAS, AGUAS LINDAS DE GOIAS","Venda Rural 0,06 ha",0.06,600.0,Cozalzinho - Fazenda escriturada à venda - Águas Lindas de Goiás,12000000.0,20.0,4,0,10,CJ1704,4,Pequeno (≤1 ha),Muito Alto (>5M)
/imovel/rural-2-quartos-venda-jardim-botanico-brasilia-df-condominio-quinta-bela-vista-1119734,"Condomínio Quinta Bela Vista, JARDIM BOTANICO, BRASILIA","Venda Rural 2,00 ha",2.0,20000.0,"Chácara com 2 dormitórios, 20.000 m² por R$ 2.950.000 - Jardim Botânico",2950000.0,147.0,2,1,0,31.031,3,Médio (1-10 ha),Alto (1.5M-5M)
/imovel/rural-0-quartos-venda-paranoa-paranoa-df-sobradinho-dos-melos-1182200,"SOBRADINHO DOS MELOS, PARANOA, PARANOA","Venda Rural 7,00 ha",7.0,70000.0,TERRENO DE 70.000 M² - A MARGEM DA DF 250 ÓTIMO LOCAL  TERRENO | 70.000 M² | MARGEM DA DF 250 | PARANOÁ,1200000.0,17.0,0,0,0,8818,0,Médio (1-10 ha),Médio (500k-1.5M)
/imovel/rural-0-quartos-venda-zona-rural-ceilandia-df-alexandre-gusmao-gleba-2-chacara-118-a-1125715,"Alexandre Gusmao Gleba 2 Chacara 118 A, ZONA RURAL, CEILANDIA","Venda Rural 2,50 ha",2.5,25000.0,Chácara de LUXO a venda Núcleo Rural Alexandre Gusmão - DF,3500000.0,140.0,0,0,0,12604,0,Médio (1-10 ha),Alto (1.5M-5M)
/imovel/rural-3-quartos-venda-ponte-alta-gama-df-ponte-alta-norte-1144975,"Ponte Alta Norte, PONTE ALTA, GAMA","Venda Rural 0,00 ha",0.0,0.0,"Chácara, próximo a UNB Gama, casa sede com área de lazer, córrego,aceita permuta",2990000.0,115.0,3,1,0,23749,4,Pequeno (≤1 ha),Alto (1.5M-5M)
/imovel/rural-0-quartos-venda-zona-rural-luziania-go-area-rural-828779,"Area Rural, ZONA RURAL, LUZIANIA","Venda Rural 42,00 ha",42.0,420000.0,FAZENDA COM NASCENTES DENTRO,1580000.0,3.0,0,0,3,24770,0,Grande (10-100 ha),Alto (1.5M-5M)
/imovel/rural-0-quartos-venda-paranoa-paranoa-df-sobradinho-dos-melos-1137417,"SOBRADINHO DOS MELOS, PARANOA, PARANOA","Venda Rural 2,00 ha",2.0,20000.0,Chácara Paranoá DF -250 Plana Com Escritura e Registro.,750000.0,37.0,0,0,0,17954,0,Médio (1-10 ha),Médio (500k-1.5M)
/imovel/rural-0-quartos-venda-zona-rural-santo-antonio-do-descoberto-go-area-rural-1074894,"Area Rural, ZONA RURAL, SANTO ANTONIO DO DESCOBERTO","Venda Rural 3,78 ha",3.78,37800.0,Chácara ESCRITURADA  e com água corrente,130000.0,3.0,0,0,10,11060,0,Médio (1-10 ha),Baixo (≤500k)
/imovel/rural-0-quartos-venda-engenho-das-lages-gama-df-br-060-km-32-agrovila-sede-da-acel-177344,"BR 060 KM 32 AGROVILA (SEDE DA ACEL), ENGENHO DAS LAGES, GAMA","Venda Rural 16,00 ha",16.0,160000.0,,950000.0,5.0,0,0,0,5580,0,Grande (10-100 ha),Médio (500k-1.5M)
/imovel/rural-4-quartos-venda-altiplano-leste-brasilia-df-rodovia-df-001-altiplano-leste-1122097,"Rodovia DF 001 Altiplano Leste, ALTIPLANO LESTE, BRASILIA","Venda Rural 3,00 ha",3.0,30000.0,"Altiplano Leste Chácara com 3ha, 3 casas, piscina, 100 m2 de rio.",3300000.0,110.0,4,1,5,17954,5,Médio (1-10 ha),Alto (1.5M-5M)
/imovel/rural-4-quartos-venda-estancias-vila-rica-sobradinho-df-rodovia-br-020-1210324,"RODOVIA BR 020, ESTANCIAS VILA RICA, SOBRADINHO","Venda Rural 0,03 ha",0.03,300.0,"Condomínio Estâncias Vila Rica (Sobradinho) - Chácara com 20.600m², escriturada",1600000.0,5.0,5,2,2,8540 J,7,Pequeno (≤1 ha),Alto (1.5M-5M)
/imovel/rural-4-quartos-venda-parque-estrela-dalva-v-luziania-go-rua-81-1113635,"Rua 81, PARQUE ESTRELA DALVA V, LUZIANIA","Venda Rural 1,02 ha",1.02,10200.0,61 3595-1212 CHACARA / 10 MIL M² / JARDIM INGA / ACEITA PERMUTA 61 3595-1212,600000.0,58.0,10,0,0,23202,10,Médio (1-10 ha),Médio (500k-1.5M)
/imovel/rural-4-quartos-venda-arniqueira-aguas-claras-df-sha-conjunto-1-chacara-61-1161110,"SHA Conjunto 1 Chacará 61, ARNIQUEIRA, AGUAS CLARAS","Venda Rural 0,08 ha",0.08,800.0,Chácara com 4 quartos suítes - Setor Habitacional Arniqueiras - Águas Claras/DF,1299000.0,1.0,4,4,0,CJ1704,8,Pequeno (≤1 ha),Médio (500k-1.5M)
/imovel/rural-3-quartos-venda-planaltina-planaltina-df-rodovia-df-130-810235,"RODOVIA DF 130, PLANALTINA, PLANALTINA","Venda Rural 4,00 ha",4.0,40000.0,,1190000.0,29.0,3,1,2,26699,4,Médio (1-10 ha),Médio (500k-1.5M)
/imovel/rural-3-quartos-venda-zona-rural-planaltina-df-zona-rural-936284,"Zona Rural, ZONA RURAL, PLANALTINA","Venda Rural 13,50 ha",13.5,135000.0,Núcleo Rural Fazenda Larga,2000000.0,14.0,3,0,0,5580,3,Grande (10-100 ha),Alto (1.5M-5M)
/imovel/rural-0-quartos-venda-distrito-industrial-de-luziania-dial-luziania-go-quadra-42-1078807,"Quadra 42, DISTRITO INDUSTRIAL DE LUZIANIA DIAL, LUZIANIA","Venda Rural 0,12 ha",0.12,1200.0,Fazenda 25 Alqueires - Posto Nelore -  Luziania-GO  proximo cidade Luziania -GO,1800000.0,1.0,0,0,5,31488,0,Pequeno (≤1 ha),Alto (1.5M-5M)
/imovel/rural-0-quartos-venda-paranoa-paranoa-df-rodovia-df-250-1031501,"RODOVIA DF 250, PARANOA, PARANOA","Venda Rural 4,00 ha",4.0,40000.0,,300000.0,7.0,0,0,0,31097,0,Médio (1-10 ha),Baixo (≤500k)
/imovel/rural-2-quartos-venda-brazlandia-brazlandia-df-nucleo-rural-incra-7-1166987,"Núcleo Rural Incra 7, BRAZLANDIA, BRAZLANDIA","Venda Rural 0,05 ha",0.05,500.0,19Ha com muita Água no Incra 7 - melhor preço da região,1950000.0,3.0,2,1,0,24313,3,Pequeno (≤1 ha),Alto (1.5M-5M)
/imovel/rural-4-quartos-venda-setor-oeste-gama-df-nucleo-rural-casa-grande--1148697,"Núcleo Rural Casa Grande , SETOR OESTE, GAMA","Venda Rural 2,00 ha",2.0,20000.0,Propicio para produção rural em pequena escala.,550000.0,27.0,4,3,20,20576,7,Médio (1-10 ha),Médio (500k-1.5M)
/imovel/rural-0-quartos-venda-zona-rural-ceilandia-df-gleba-03-nucleo-rural-alexandre-gusmao-1193810,"Gleba 03 Nucleo Rural Alexandre Gusmao, ZONA RURAL, CEILANDIA","Venda Rural 6,00 ha",6.0,60000.0,Chácara beira da pista - 6 HA | Escriturada na  BR-080,3500000.0,58.0,0,0,0,24313,0,Médio (1-10 ha),Alto (1.5M-5M)
